instance,solver,shifted_time,ratio
10teams,sovereign,610.0,41.92642406091274
10teams,highs,14.549297099933028,1.0
b-ball,sovereign,610.0,54.99744518784317
b-ball,highs,11.091424300102517,1.0
beasleyC3,sovereign,610.0,12.578332182252847
beasleyC3,highs,48.496095600072294,1.0
blend2,sovereign,57.652842299999975,4.212592792634677
blend2,highs,13.685833200113848,1.0
dcmulti,sovereign,26.593140300000073,2.1111421107193284
dcmulti,highs,12.596565700136125,1.0
enlight_hard,sovereign,610.0,9.120850532406644
enlight_hard,highs,66.8797277000267,1.0
exp-1-500-5-5,sovereign,610.0,37.6956293473846
exp-1-500-5-5,highs,16.182247400050983,1.0
fiber,sovereign,355.2364596,20.347768946874517
fiber,highs,17.45825110003352,1.0
flugpl,sovereign,10.674616799999967,1.0
flugpl,highs,11.895222299965099,1.1143465402865924
gt2,sovereign,12.388215500000001,1.1642263870479839
gt2,highs,10.640727299964055,1.0
khb05250,sovereign,20.30111260000001,1.8486747581336256
khb05250,highs,10.981440900126472,1.0
markshare_4_0,sovereign,610.0,1.9527682396462087
markshare_4_0,highs,312.3770592000801,1.0
mas76,sovereign,610.0,2.4477155479616783
mas76,highs,249.2119644000195,1.0
mik-250-20-75-4,sovereign,610.0,18.145043020163897
mik-250-20-75-4,highs,33.617996899876744,1.0
misc07,sovereign,314.42367020000006,5.81169393584041
misc07,highs,54.101897600106895,1.0
mod010,sovereign,15.422870099999955,1.3686583420822933
mod010,highs,11.268604899989441,1.0
neos-911970,sovereign,610.0,9.971935116566698
neos-911970,highs,61.17167760012671,1.0
neos17,sovereign,610.0,26.645052665909482
neos17,highs,22.893555799964815,1.0
neos5,sovereign,610.0,3.324333102919469
neos5,highs,183.49545040004887,1.0
noswot,sovereign,610.0,2.819443007098161
noswot,highs,216.35479010012932,1.0
p0201,sovereign,15.123167200000012,1.2762577293244792
p0201,highs,11.849618499865755,1.0
p200x1188c,sovereign,610.0,52.01141219017448
p200x1188c,highs,11.72819530009292,1.0
pg,sovereign,610.0,33.4971933662375
pg,highs,18.210480900015682,1.0
qiu,sovereign,610.0,6.014315051821157
qiu,highs,101.42468340019695,1.0
qnet1,sovereign,95.08544189999998,8.33281762150032
qnet1,highs,11.410959200002253,1.0
qnet1_o,sovereign,610.0,53.236781942078096
qnet1_o,highs,11.458243299974129,1.0
r50x360,sovereign,610.0,9.329236291659834
r50x360,highs,65.38584519992582,1.0
roll3000,sovereign,610.0,11.173110907046247
roll3000,highs,54.59535890002735,1.0
rout,sovereign,610.0,16.498668077394086
rout,highs,36.97268150001764,1.0
sp150x300d,sovereign,610.0,58.721089141551225
sp150x300d,highs,10.388090699911118,1.0
