name,rows,cols,integers,nnz,bytes,sha256,reference,sovereign_status,sovereign_outcome,sovereign_objective,sovereign_best_bound,sovereign_gap,sovereign_nodes,sovereign_iterations,sovereign_time,sovereign_failure_class,sovereign_cuts_by_family,sovereign_presolve,sovereign_time_to_gap,highs_status,highs_outcome,highs_objective,highs_best_bound,highs_gap,highs_nodes,highs_iterations,highs_time,highs_failure_class,highs_time_to_gap
10teams,230,2025,1800,12150,536783,cc5d351ee5e56c64b2931d2205afcd4463e93d587abe546856cf601894b6ec43,923.9999999999997,TIME_LIMIT,NOT_SOLVED,,916.9999999999995,0.0,5481,509355,600.110669,time_limit,{},"{""fixed_variables"": 0, ""passes"": 0, ""removed_constraints"": 0, ""substituted_variables"": 0, ""tightened_bounds"": 0}","{""0.0001"": null, ""0.001"": null, ""0.01"": null, ""0.1"": null, ""1e-06"": null}",OPTIMAL,SOLVED,924.0000000000005,924.0000000000005,0.0,1,10923,4.549297099933028,,"{""0.0001"": 4.549297099933028, ""0.001"": 4.549297099933028, ""0.01"": 4.549297099933028, ""0.1"": 4.549297099933028, ""1e-06"": 4.549297099933028}"
b-ball,30,100,88,209,15239,b0d21fd470e519128ac6003ea3f3a46625d7b987494532c5bfcc10dacd04d0a6,-1.50000000000001,FEASIBLE,NOT_SOLVED,-1.5,-1.8181818181818181,0.21212121212121207,739803,1715972,600.8846364,weak_bound,{},"{""fixed_variables"": 0, ""passes"": 0, ""removed_constraints"": 0, ""substituted_variables"": 0, ""tightened_bounds"": 0}","{""0.0001"": null, ""0.001"": null, ""0.01"": null, ""0.1"": null, ""1e-06"": null}",OPTIMAL,SOLVED,-1.500001,-1.500001,0.0,102,1709,1.091424300102517,,"{""0.0001"": 1.091424300102517, ""0.001"": 1.091424300102517, ""0.01"": 1.091424300102517, ""0.1"": 1.091424300102517, ""1e-06"": 1.091424300102517}"
beasleyC3,1750,2500,1250,5000,262195,728c9616ca793393f90d6bf7780b4871e71f33add9f81eacfc12bf05976130c8,753.9999999999128,FEASIBLE,NOT_SOLVED,883.0,178.9024390243904,0.7973924812860811,11639,66354,600.1060484000001,weak_bound,{},"{""fixed_variables"": 0, ""passes"": 0, ""removed_constraints"": 0, ""substituted_variables"": 0, ""tightened_bounds"": 0}","{""0.0001"": null, ""0.001"": null, ""0.01"": null, ""0.1"": null, ""1e-06"": null}",OPTIMAL,SOLVED,754.0000000000001,754.0000000000001,0.0,378,137402,38.496095600072294,,"{""0.0001"": 38.496095600072294, ""0.001"": 38.496095600072294, ""0.01"": 38.496095600072294, ""0.1"": 38.496095600072294, ""1e-06"": 38.496095600072294}"
blend2,274,353,264,1409,63421,48c009606d5e949baa8e5e060c8b0cafd3eb96f9d615d98fff0d626d5b6e503f,7.598985,OPTIMAL,SOLVED,7.598985000000002,7.598985,0.0,7333,45178,47.652842299999975,,{},"{""fixed_variables"": 0, ""passes"": 0, ""removed_constraints"": 0, ""substituted_variables"": 0, ""tightened_bounds"": 0}","{""0.0001"": 47.6466, ""0.001"": 27.8492, ""0.01"": 27.8492, ""0.1"": 20.8817, ""1e-06"": 47.6466}",OPTIMAL,SOLVED,7.598985,7.598985,0.0,68,6390,3.685833200113848,,"{""0.0001"": 3.685833200113848, ""0.001"": 3.685833200113848, ""0.01"": 3.685833200113848, ""0.1"": 3.685833200113848, ""1e-06"": 3.685833200113848}"
dcmulti,290,548,75,1315,76205,a5f5147f5450d1b954e2299569f340191529bd07bdb349996dbe21576f1e7665,188182.0,OPTIMAL,SOLVED,188182.00000000003,188181.83684210526,0.0,2601,11479,16.593140300000073,,{},"{""fixed_variables"": 0, ""passes"": 0, ""removed_constraints"": 0, ""substituted_variables"": 0, ""tightened_bounds"": 0}","{""0.0001"": 16.5921, ""0.001"": 9.20975, ""0.01"": 1.59532, ""0.1"": 0.306456, ""1e-06"": 16.5921}",OPTIMAL,SOLVED,188182.0,188182.0,0.0,15,9753,2.596565700136125,,"{""0.0001"": 2.596565700136125, ""0.001"": 2.596565700136125, ""0.01"": 2.596565700136125, ""0.1"": 2.596565700136125, ""1e-06"": 2.596565700136125}"
enlight_hard,100,200,200,560,56971,572ca23c17d0ad734895e8338af458525a753ee76bdb117d2917e4069c6b65b0,37.0,TIME_LIMIT,NOT_SOLVED,,24.999999954,0.0,156232,730812,600.1423431,time_limit,"{""cmir"": 248}","{""fixed_variables"": 0, ""passes"": 0, ""removed_constraints"": 0, ""substituted_variables"": 0, ""tightened_bounds"": 0}","{""0.0001"": null, ""0.001"": null, ""0.01"": null, ""0.1"": null, ""1e-06"": null}",OPTIMAL,SOLVED,37.0,37.0,0.0,2303,140746,56.879727700026706,,"{""0.0001"": 56.879727700026706, ""0.001"": 56.879727700026706, ""0.01"": 56.879727700026706, ""0.1"": 56.879727700026706, ""1e-06"": 56.879727700026706}"
exp-1-500-5-5,550,990,250,1980,209869,32bcb5e23d511b3ee530e7016765cc724e06bc77225648669c443aa7be0a68f2,65887.0,FEASIBLE,NOT_SOLVED,128219.0,34609.78013959016,0.7300729210211423,35846,116125,600.1140819,weak_bound,{},"{""fixed_variables"": 0, ""passes"": 0, ""removed_constraints"": 0, ""substituted_variables"": 0, ""tightened_bounds"": 0}","{""0.0001"": null, ""0.001"": null, ""0.01"": 427.244, ""0.1"": 148.278, ""1e-06"": null}",OPTIMAL,SOLVED,65887.0,65887.0,0.0,1,19087,6.182247400050983,,"{""0.0001"": 6.182247400050983, ""0.001"": 6.182247400050983, ""0.01"": 6.182247400050983, ""0.1"": 6.182247400050983, ""1e-06"": 6.182247400050983}"
fiber,363,1298,1254,2944,183540,75d2d56cb3559940b554c4ceda3225513d4f8648a6629996de2b0db6422181bd,405935.18,OPTIMAL,SOLVED,405935.1799999999,405934.8950039324,0.0,35523,285765,345.2364596,,"{""cmir"": 16, ""gomory"": 1}","{""fixed_variables"": 0, ""passes"": 0, ""removed_constraints"": 0, ""substituted_variables"": 0, ""tightened_bounds"": 0}","{""0.0001"": 345.106, ""0.001"": 90.3891, ""0.01"": 90.3891, ""0.1"": 11.1581, ""1e-06"": 345.106}",OPTIMAL,SOLVED,405935.17999999196,405935.1799999919,0.0,9,3831,7.458251100033522,,"{""0.0001"": 7.458251100033522, ""0.001"": 7.458251100033522, ""0.01"": 7.458251100033522, ""0.1"": 7.458251100033522, ""1e-06"": 7.458251100033522}"
flugpl,18,18,11,46,4161,a1f0cb79a95639450dd984473a00efca24365457153d7fcb859c6581ddab4c2c,1201500.0,OPTIMAL,SOLVED,1201500.0,1201499.9998569,0.0,1763,1484,0.674616799999967,,"{""cmir"": 23}","{""fixed_variables"": 0, ""passes"": 0, ""removed_constraints"": 0, ""substituted_variables"": 0, ""tightened_bounds"": 0}","{""0.0001"": null, ""0.001"": null, ""0.01"": 0.580299, ""0.1"": 0.580299, ""1e-06"": null}",OPTIMAL,SOLVED,1201500.0,1201500.0,0.0,89,857,1.8952222999650985,,"{""0.0001"": 1.8952222999650985, ""0.001"": 1.8952222999650985, ""0.01"": 1.8952222999650985, ""0.1"": 1.8952222999650985, ""1e-06"": 1.8952222999650985}"
gt2,29,188,188,376,23771,3ddd85dc12f8460a92b36b1424a00b563170d56ee615340dec037d7a875e9050,21165.99999999978,OPTIMAL,SOLVED,21166.0,21166.0,0.0,149,1260,2.388215500000001,,"{""cmir"": 93, ""gomory"": 5}","{""fixed_variables"": 0, ""passes"": 0, ""removed_constraints"": 0, ""substituted_variables"": 0, ""tightened_bounds"": 0}","{""0.0001"": null, ""0.001"": null, ""0.01"": null, ""0.1"": null, ""1e-06"": null}",OPTIMAL,SOLVED,21166.0,21166.0,0.0,1,287,0.6407272999640554,,"{""0.0001"": 0.6407272999640554, ""0.001"": 0.6407272999640554, ""0.01"": 0.6407272999640554, ""0.1"": 0.6407272999640554, ""1e-06"": 0.6407272999640554}"
khb05250,101,1350,24,2700,135500,261c4498faab02e5de68aca63b08a17b7243985e2a979c9d505dba4fa0c86555,106940225.9999999,OPTIMAL,SOLVED,106940226.0,106943385.0,0.0,2131,7430,10.30111260000001,,{},"{""fixed_variables"": 0, ""passes"": 0, ""removed_constraints"": 0, ""substituted_variables"": 0, ""tightened_bounds"": 0}","{""0.0001"": 10.299, ""0.001"": 0.407642, ""0.01"": 0.393557, ""0.1"": 0.287849, ""1e-06"": 10.299}",OPTIMAL,SOLVED,106940226.0,106940226.0,0.0,1,1479,0.9814409001264721,,"{""0.0001"": 0.9814409001264721, ""0.001"": 0.9814409001264721, ""0.01"": 0.9814409001264721, ""0.1"": 0.9814409001264721, ""1e-06"": 0.9814409001264721}"
markshare_4_0,4,34,30,123,5377,a05d1c8c1a1e0646ea31965fd5e05af7a41801db3cb1820b2ab4cd95c7bc32db,1.0,FEASIBLE,NOT_SOLVED,1.0,0.0,1.0,253550,659808,600.1955715,weak_bound,"{""cmir"": 262, ""gomory"": 54}","{""fixed_variables"": 0, ""passes"": 0, ""removed_constraints"": 0, ""substituted_variables"": 0, ""tightened_bounds"": 0}","{""0.0001"": null, ""0.001"": null, ""0.01"": null, ""0.1"": 44.3293, ""1e-06"": null}",OPTIMAL,SOLVED,1.0,1.0,0.0,1027726,2936573,302.3770592000801,,"{""0.0001"": 302.3770592000801, ""0.001"": 302.3770592000801, ""0.01"": 302.3770592000801, ""0.1"": 302.3770592000801, ""1e-06"": 302.3770592000801}"
mas76,12,151,150,1640,62523,114b73dbe17c1d1b4d37a09311424571781225e01edfbec1c6acb320214593f6,40005.05398999999,FEASIBLE,NOT_SOLVED,40005.05414200001,39821.19910291111,0.00459579528217333,308022,1956679,600.2176499999999,weak_bound,{},"{""fixed_variables"": 0, ""passes"": 0, ""removed_constraints"": 0, ""substituted_variables"": 0, ""tightened_bounds"": 0}","{""0.0001"": 20.212, ""0.001"": 19.6177, ""0.01"": 1.3913, ""0.1"": 1.3913, ""1e-06"": null}",OPTIMAL,SOLVED,40005.054141,40005.02338515839,7.687988997937214e-07,167805,1229964,239.2119644000195,,"{""0.0001"": 239.2119644000195, ""0.001"": 239.2119644000195, ""0.01"": 239.2119644000195, ""0.1"": 239.2119644000195, ""1e-06"": 239.2119644000195}"
mik-250-20-75-4,195,270,250,9270,283262,b29fe88b56bf3c924894f473cee77e25efb4dbaccb322e95c98b9210fb875e6d,-52301.0,FEASIBLE,NOT_SOLVED,-52301.0,-54272.040824057025,0.03768648446601451,45132,90107,600.0504469,weak_bound,"{""cmir"": 280}","{""fixed_variables"": 0, ""passes"": 0, ""removed_constraints"": 0, ""substituted_variables"": 0, ""tightened_bounds"": 0}","{""0.0001"": null, ""0.001"": 172.151, ""0.01"": 35.8387, ""0.1"": 0.890042, ""1e-06"": null}",OPTIMAL,SOLVED,-52301.00000000043,-52301.051717610884,9.888455374647344e-07,5350,183901,23.617996899876744,,"{""0.0001"": 23.617996899876744, ""0.001"": 23.617996899876744, ""0.01"": 23.617996899876744, ""0.1"": 23.617996899876744, ""1e-06"": 23.617996899876744}"
misc07,212,260,259,8619,286262,20cb89af2d0ca7ded2dad43817e620893c6b189bd66018d2be3317ba596aa615,2810.0,OPTIMAL,SOLVED,2810.0,2809.9999995225,0.0,38081,761530,304.42367020000006,,"{""cmir"": 9}","{""fixed_variables"": 0, ""passes"": 0, ""removed_constraints"": 0, ""substituted_variables"": 0, ""tightened_bounds"": 0}","{""0.0001"": null, ""0.001"": 304.389, ""0.01"": 93.186, ""0.1"": 29.6548, ""1e-06"": null}",OPTIMAL,SOLVED,2809.999999999964,2809.999999999964,0.0,6640,192321,44.101897600106895,,"{""0.0001"": 44.101897600106895, ""0.001"": 44.101897600106895, ""0.01"": 44.101897600106895, ""0.1"": 44.101897600106895, ""1e-06"": 44.101897600106895}"
mod010,146,2655,2655,11203,544964,0a2a0888816fd25e31ff4512ca8974272dacf387854cd450e94946332d89325d,6548.0,OPTIMAL,SOLVED,6548.0,6548.499999982,0.0,143,2372,5.422870099999955,,"{""cmir"": 2}","{""fixed_variables"": 0, ""passes"": 0, ""removed_constraints"": 0, ""substituted_variables"": 0, ""tightened_bounds"": 0}","{""0.0001"": 0.937489, ""0.001"": 0.278551, ""0.01"": 0.168677, ""0.1"": 0.168677, ""1e-06"": null}",OPTIMAL,SOLVED,6548.0,6548.0,0.0,1,991,1.268604899989441,,"{""0.0001"": 1.268604899989441, ""0.001"": 1.268604899989441, ""0.01"": 1.268604899989441, ""0.1"": 1.268604899989441, ""1e-06"": 1.268604899989441}"
neos-911970,107,888,840,3408,118807,31e8f835a9499de4897eb23838453cb83bee093abb8fab881b44f9937236eaa6,54.76,FEASIBLE,NOT_SOLVED,65.6,44.14681998061115,0.32703018322239125,35189,260930,600.2006027,weak_bound,"{""cmir"": 226}","{""fixed_variables"": 0, ""passes"": 0, ""removed_constraints"": 0, ""substituted_variables"": 0, ""tightened_bounds"": 0}","{""0.0001"": null, ""0.001"": null, ""0.01"": 105.606, ""0.1"": 24.04, ""1e-06"": null}",OPTIMAL,SOLVED,54.7600000000002,54.7600000000002,0.0,8867,259150,51.17167760012671,,"{""0.0001"": 51.17167760012671, ""0.001"": 51.17167760012671, ""0.01"": 51.17167760012671, ""0.1"": 51.17167760012671, ""1e-06"": 51.17167760012671}"
neos17,486,535,300,4931,977794,4ea347bc9061a49b4737f2e77b3c15541c031eb8df14881cc9a4bd96a2d65c00,0.1500025774,FEASIBLE,NOT_SOLVED,0.15505153846153885,0.1217577622377628,0.03329377622377627,87789,1666262,600.0233178,weak_bound,{},"{""fixed_variables"": 0, ""passes"": 0, ""removed_constraints"": 0, ""substituted_variables"": 0, ""tightened_bounds"": 0}","{""0.0001"": null, ""0.001"": null, ""0.01"": 215.572, ""0.1"": 39.3407, ""1e-06"": null}",OPTIMAL,SOLVED,0.15000257742257742,0.15000257742257742,0.0,584,36628,12.893555799964815,,"{""0.0001"": 12.893555799964815, ""0.001"": 12.893555799964815, ""0.01"": 12.893555799964815, ""0.1"": 12.893555799964815, ""1e-06"": 12.893555799964815}"
neos5,63,63,53,2016,69767,6004edda3e48c0d2e6b109e88c059bd874875535fa420cd486461e68a7375870,15.0,FEASIBLE,NOT_SOLVED,15.0,14.375,0.041666666666666664,406401,4175816,600.2077998,weak_bound,{},"{""fixed_variables"": 0, ""passes"": 0, ""removed_constraints"": 0, ""substituted_variables"": 0, ""tightened_bounds"": 0}","{""0.0001"": null, ""0.001"": null, ""0.01"": 17.3099, ""0.1"": 2.12577, ""1e-06"": null}",OPTIMAL,SOLVED,14.999999999982984,14.999999999982984,0.0,206031,2557380,173.49545040004887,,"{""0.0001"": 173.49545040004887, ""0.001"": 173.49545040004887, ""0.01"": 173.49545040004887, ""0.1"": 173.49545040004887, ""1e-06"": 173.49545040004887}"
noswot,182,128,100,735,31909,1f26832d33f0cb9eea1b5eb512c0db766fac1ba0802eb2d214c8d3358e77949a,-41.00000885,FEASIBLE,NOT_SOLVED,-41.0,-43.0,0.04878048780487805,263777,1764926,600.1617097,weak_bound,"{""cmir"": 37}","{""fixed_variables"": 0, ""passes"": 0, ""removed_constraints"": 0, ""substituted_variables"": 0, ""tightened_bounds"": 0}","{""0.0001"": null, ""0.001"": 2.99886, ""0.01"": 2.99886, ""0.1"": 2.99886, ""1e-06"": null}",OPTIMAL,SOLVED,-41.00000000000003,-41.00000000000003,0.0,207297,2295518,206.35479010012932,,"{""0.0001"": 206.35479010012932, ""0.001"": 206.35479010012932, ""0.01"": 206.35479010012932, ""0.1"": 206.35479010012932, ""1e-06"": 206.35479010012932}"
p0201,133,201,201,1923,78610,f9bd3802c05f506cdba111051baaff6a62288c00f4292b02722303663e8e2392,7614.999999999997,OPTIMAL,SOLVED,7615.0,7614.99999919625,0.0,275,4451,5.123167200000012,,"{""cmir"": 105, ""gomory"": 1}","{""fixed_variables"": 0, ""passes"": 0, ""removed_constraints"": 0, ""substituted_variables"": 0, ""tightened_bounds"": 0}","{""0.0001"": null, ""0.001"": null, ""0.01"": 0.734803, ""0.1"": 0.27221, ""1e-06"": null}",OPTIMAL,SOLVED,7614.999999997075,7614.999999997075,0.0,5,9980,1.8496184998657554,,"{""0.0001"": 1.8496184998657554, ""0.001"": 1.8496184998657554, ""0.01"": 1.8496184998657554, ""0.1"": 1.8496184998657554, ""1e-06"": 1.8496184998657554}"
p200x1188c,1388,2376,1188,4752,288222,52e616e7a1e0dc95b14a8e381bda45bd1618cadcf5f8393609b1b7fe81a5459e,15078.0,FEASIBLE,NOT_SOLVED,15078.0,7450.514936708861,0.5058684880813861,21763,215202,600.0561389000001,weak_bound,{},"{""fixed_variables"": 0, ""passes"": 0, ""removed_constraints"": 0, ""substituted_variables"": 0, ""tightened_bounds"": 0}","{""0.0001"": null, ""0.001"": null, ""0.01"": null, ""0.1"": null, ""1e-06"": null}",OPTIMAL,SOLVED,15078.0,15078.0,0.0,1,2541,1.7281953000929207,,"{""0.0001"": 1.7281953000929207, ""0.001"": 1.7281953000929207, ""0.01"": 1.7281953000929207, ""0.1"": 1.7281953000929207, ""1e-06"": 1.7281953000929207}"
pg,125,2700,100,5200,362964,765a365c6d851573ef12a4c6c08b5fec0c3514e195986618c9d37075e84a3a0c,-8674.34260712,FEASIBLE,NOT_SOLVED,-7855.813691620369,-11330.137099564967,0.442261431384325,31699,981757,600.0539745000001,weak_bound,"{""cmir"": 16}","{""fixed_variables"": 0, ""passes"": 0, ""removed_constraints"": 0, ""substituted_variables"": 0, ""tightened_bounds"": 0}","{""0.0001"": null, ""0.001"": null, ""0.01"": 115.1, ""0.1"": 105.82, ""1e-06"": null}",OPTIMAL,SOLVED,-8674.342607117029,-8674.342607117029,0.0,52,40394,8.210480900015682,,"{""0.0001"": 8.210480900015682, ""0.001"": 8.210480900015682, ""0.01"": 8.210480900015682, ""0.1"": 8.210480900015682, ""1e-06"": 8.210480900015682}"
qiu,1192,840,48,3432,137711,86990b99a5c702a14b2ac2ea4f46eaa88027f150d6d3e6ec8c8edc3b8c88d58a,-132.87313695,FEASIBLE,NOT_SOLVED,-132.87313694699998,-133.5366219623434,0.004993372103560946,15189,1117370,600.0226902999999,weak_bound,{},"{""fixed_variables"": 0, ""passes"": 0, ""removed_constraints"": 0, ""substituted_variables"": 0, ""tightened_bounds"": 0}","{""0.0001"": null, ""0.001"": null, ""0.01"": 594.488, ""0.1"": 406.049, ""1e-06"": null}",OPTIMAL,SOLVED,-132.87313694700893,-132.87313694700893,0.0,8635,562437,91.42468340019695,,"{""0.0001"": 91.42468340019695, ""0.001"": 91.42468340019695, ""0.01"": 91.42468340019695, ""0.1"": 91.42468340019695, ""1e-06"": 91.42468340019695}"
qnet1,503,1541,1417,4622,198064,eaa0737929f199b168bd30510dd7ab59ed2ef6fb04d5ac05ea105ceacc5dfc73,16029.69268099998,OPTIMAL,SOLVED,16029.692681,16030.528439224361,0.0,563,65663,85.08544189999998,,"{""cmir"": 8}","{""fixed_variables"": 0, ""passes"": 0, ""removed_constraints"": 0, ""substituted_variables"": 0, ""tightened_bounds"": 0}","{""0.0001"": 85.0833, ""0.001"": 85.0833, ""0.01"": 85.0833, ""0.1"": 85.0833, ""1e-06"": 85.0833}",OPTIMAL,SOLVED,16029.692681,16029.692681,0.0,1,1844,1.410959200002253,,"{""0.0001"": 1.410959200002253, ""0.001"": 1.410959200002253, ""0.01"": 1.410959200002253, ""0.1"": 1.410959200002253, ""1e-06"": 1.410959200002253}"
qnet1_o,456,1541,1417,4214,184240,abf1a3597aad6a3ab7d1d0b3343a606490cf49d4a2efa553a2ce795c4898f8c0,16029.692681,OPTIMAL,NOT_SOLVED,16029.692681,16035.350569482962,0.0,555,80762,169.11400579999997,wrong_prune,"{""cmir"": 8}","{""fixed_variables"": 0, ""passes"": 0, ""removed_constraints"": 0, ""substituted_variables"": 0, ""tightened_bounds"": 0}","{""0.0001"": 169.112, ""0.001"": 169.112, ""0.01"": 169.112, ""0.1"": 169.112, ""1e-06"": 169.112}",OPTIMAL,SOLVED,16029.692680999662,16029.692680999662,0.0,1,2583,1.4582432999741286,,"{""0.0001"": 1.4582432999741286, ""0.001"": 1.4582432999741286, ""0.01"": 1.4582432999741286, ""0.1"": 1.4582432999741286, ""1e-06"": 1.4582432999741286}"
r50x360,410,720,360,1440,97596,37c38463d072888d4865b63d434b4355812002fae123247d92a470c762e23563,1653.0,FEASIBLE,NOT_SOLVED,1853.0,865.53,0.5329033998920669,75379,649036,600.0575987000001,weak_bound,{},"{""fixed_variables"": 0, ""passes"": 0, ""removed_constraints"": 0, ""substituted_variables"": 0, ""tightened_bounds"": 0}","{""0.0001"": null, ""0.001"": null, ""0.01"": null, ""0.1"": 488.708, ""1e-06"": null}",OPTIMAL,SOLVED,1652.9999999999998,1652.9999999999998,0.0,3113,467930,55.385845199925825,,"{""0.0001"": 55.385845199925825, ""0.001"": 55.385845199925825, ""0.01"": 55.385845199925825, ""0.1"": 55.385845199925825, ""1e-06"": 55.385845199925825}"
roll3000,2295,1166,738,29386,1035164,b28b51a69945d6a4c16366582bab87638b6c66f81eb4efef817aba76f6425117,12889.999992,TIME_LIMIT,NOT_SOLVED,,11566.307195141433,0.0,4170,154632,600.5049059,time_limit,"{""cmir"": 8}","{""fixed_variables"": 0, ""passes"": 0, ""removed_constraints"": 0, ""substituted_variables"": 0, ""tightened_bounds"": 0}","{""0.0001"": null, ""0.001"": null, ""0.01"": null, ""0.1"": null, ""1e-06"": null}",OPTIMAL,SOLVED,12890.00000000079,12890.00000000079,0.0,1316,221899,44.59535890002735,,"{""0.0001"": 44.59535890002735, ""0.001"": 44.59535890002735, ""0.01"": 44.59535890002735, ""0.1"": 44.59535890002735, ""1e-06"": 44.59535890002735}"
rout,291,556,315,2431,94010,ed73ef89a0faffea96a1ef085eb1f64c1116517abd6daaa1b99d3f4cd91eee95,1077.559999999999,FEASIBLE,NOT_SOLVED,1079.7300000000002,1033.888817518248,0.04245615337329904,46074,520373,600.106958,weak_bound,"{""cmir"": 109, ""gomory"": 510}","{""fixed_variables"": 0, ""passes"": 0, ""removed_constraints"": 0, ""substituted_variables"": 0, ""tightened_bounds"": 0}","{""0.0001"": null, ""0.001"": 586.949, ""0.01"": 336.788, ""0.1"": 64.8315, ""1e-06"": null}",OPTIMAL,SOLVED,1077.5600000000006,1077.5600000000006,0.0,5103,413881,26.972681500017643,,"{""0.0001"": 26.972681500017643, ""0.001"": 26.972681500017643, ""0.01"": 26.972681500017643, ""0.1"": 26.972681500017643, ""1e-06"": 26.972681500017643}"
sp150x300d,450,600,300,1200,75788,339aa4411ef126df72dc66718090fc6915debdc44d732a0f0be903310e52cf4a,69.0,FEASIBLE,NOT_SOLVED,69.0,42.91111839947526,0.3780997333409383,101301,141614,600.0301064,weak_bound,{},"{""fixed_variables"": 0, ""passes"": 0, ""removed_constraints"": 0, ""substituted_variables"": 0, ""tightened_bounds"": 0}","{""0.0001"": null, ""0.001"": null, ""0.01"": null, ""0.1"": null, ""1e-06"": null}",OPTIMAL,SOLVED,69.0,69.0,0.0,1,245,0.38809069991111755,,"{""0.0001"": 0.38809069991111755, ""0.001"": 0.38809069991111755, ""0.01"": 0.38809069991111755, ""0.1"": 0.38809069991111755, ""1e-06"": 0.38809069991111755}"
