gap,iterations,message,nodes,objective,problem,returncode,runtime_s,solver,status,suite
0.0,6,Optimal solution found by primal-dual interior-point (Mehrotra).,0,29.999999999698563,sample_lp.json,0,0.001849,OurSolver,OPTIMAL,smoke
,,highspy not installed (pip install highspy),,,sample_lp.json,,,HiGHS,SKIPPED,smoke
0.0,6,Optimal solution found by primal-dual interior-point (Mehrotra).,0,8.999999999972278,classic_lp.json,0,0.001688,OurSolver,OPTIMAL,smoke
,,highspy not installed (pip install highspy),,,classic_lp.json,,,HiGHS,SKIPPED,smoke
0.0,12,"Optimal integer solution found by branch-and-cut. Tree exhausted with no dropped subtrees, so the bound is proven.",1,8.0,sample_milp.json,0,0.001851,OurSolver,OPTIMAL,smoke
,,highspy not installed (pip install highspy),,,sample_milp.json,,,HiGHS,SKIPPED,smoke
0.0,10,Optimal solution found by primal-dual interior-point (Mehrotra).,0,-464.7531428511402,afiro.json,0,0.003695,OurSolver,OPTIMAL,netlib
,,highspy not installed (pip install highspy),,,afiro.json,,,HiGHS,SKIPPED,netlib
0.0,8,"Optimal integer solution found by branch-and-cut. Tree exhausted with no dropped subtrees, so the bound is proven.",1,34.0,knapsack6.json,0,0.002083,OurSolver,OPTIMAL,miplib
,,highspy not installed (pip install highspy),,,knapsack6.json,,,HiGHS,SKIPPED,miplib
0.0,7,Optimal solution found by primal-dual interior-point (Mehrotra).,0,29999999.99967302,illconditioned.json,0,0.002298,OurSolver,OPTIMAL,robustness
,,highspy not installed (pip install highspy),,,illconditioned.json,,,HiGHS,SKIPPED,robustness
0.0,7,Optimal solution found by primal-dual interior-point (Mehrotra).,0,-1.2499999999982918,kuhn_degeneracy.json,0,0.001861,OurSolver,OPTIMAL,robustness
,,highspy not installed (pip install highspy),,,kuhn_degeneracy.json,,,HiGHS,SKIPPED,robustness
0.0,12,"Optimal integer solution found by branch-and-cut. Tree exhausted with no dropped subtrees, so the bound is proven.",1,100.0,weak_lp_relaxation.json,0,0.001808,OurSolver,OPTIMAL,robustness
,,highspy not installed (pip install highspy),,,weak_lp_relaxation.json,,,HiGHS,SKIPPED,robustness
0.0,9,Optimal solution found by primal-dual interior-point (Mehrotra).,0,202.00000000080885,transport_20x20.json,0,0.017563,OurSolver,OPTIMAL,scale
,,highspy not installed (pip install highspy),,,transport_20x20.json,,,HiGHS,SKIPPED,scale
0.0,9,Optimal solution found by primal-dual interior-point (Mehrotra).,0,504.60000000368774,transport_50x50.json,0,0.172915,OurSolver,OPTIMAL,scale
,,highspy not installed (pip install highspy),,,transport_50x50.json,,,HiGHS,SKIPPED,scale
