suite,instance,source_path,sha256,bytes,rows,cols,nnz,reference_objective,reference_offset,reference_kind,sovereign_status,sovereign_verified_status,sovereign_objective,sovereign_time_s,sovereign_wall_s,sovereign_iterations,sovereign_presolve_fixed_variables,sovereign_presolve_substituted_variables,sovereign_presolve_removed_constraints,sovereign_presolve_tightened_bounds,sovereign_presolve_passes,certificate_status,certificate_time_s,certificate_wall_s,certificate_iterations,verifier_pass,verifier_primal_infeasibility,verifier_dual_infeasibility,verifier_complementarity,verifier_objective,verifier_objective_reference_rel_diff,verifier_objective_highs_rel_diff,highs_status,highs_objective,highs_time_s,highs_iterations,highs_objective_reference_rel_diff,failure_cause,failure_detail
netlib,25fv47,benchmarks/datasets/coverage/netlib/25fv47.mps,e0da0d47ae56bef34f11ac03563027da57dd4ab792d978c0dc8e27a16117f627,373834,821,1571,10400,5501.8458883,0.0,opt,OPTIMAL,OPTIMAL,5501.845888286753,0.6063278999999966,0.7140104998834431,2762,26,53,82,32,2,OPTIMAL,0.5678298000000268,0.6415258999913931,2755,True,1.707630676254837e-12,9.303668946358813e-16,4.470433950973517e-16,5501.845888286774,2.40389720499215e-12,3.1408366727383194e-15,OPTIMAL,5501.845888286757,0.18811560003086925,2583,2.4070380416648805e-12,,verified original-model KKT certificate and objective comparisons passed
netlib,80bau3b,benchmarks/datasets/coverage/netlib/80bau3b.mps,22aef70f5ce164435b15c5c0aa3be93a99932dc136eb936eb17835a661087b9f,1141232,2262,9799,21002,987232.16072,0.0,opt,OPTIMAL,FEASIBLE,987224.1924090913,2.925263100000052,3.232255000155419,5584,556,0,187,464,3,OPTIMAL,3.3786119999999755,3.6495798998512328,5824,True,7.0488772659251725e-12,2.1352993306014835e-17,2.0455598565332607e-16,987224.19240909,8.071364798562534e-06,2.358437378704231e-16,OPTIMAL,987224.1924090902,0.15529410005547106,3097,8.071364798326691e-06,objective/reference mismatch,reference_rel_diff=8.071364798562534e-06; highs_rel_diff=2.358437378704231e-16; pass threshold=1.0e-06
netlib,adlittle,benchmarks/datasets/coverage/netlib/adlittle.mps,db211f7bf735518a246a2a0e385ec51abc09cd601da7ae50d6c3fe083cb6f94b,16835,56,97,383,225494.96316,0.0,opt,OPTIMAL,OPTIMAL,225494.9631623803,0.0024018000000296524,0.047942399978637695,95,1,0,1,0,2,OPTIMAL,0.002195300000039424,0.058362500043585896,96,True,3.8359658758033546e-16,1.373859066122248e-16,6.738852553836729e-17,225494.96316238027,1.0555698187324604e-11,1.2906643256495204e-16,OPTIMAL,225494.9631623803,0.0023340999614447355,87,1.0555827253757168e-11,,verified original-model KKT certificate and objective comparisons passed
netlib,afiro,benchmarks/datasets/coverage/netlib/afiro.mps,04992b87e57e57c1c417c96b846833bfa12e055eeaa623f043c45fc773b5be41,3327,27,32,83,-464.75314286,0.0,opt,OPTIMAL,OPTIMAL,-464.75314285714285,0.0004615000000285363,0.02441389998421073,18,0,2,2,0,2,OPTIMAL,0.0005897999999433523,0.033154299948364496,27,True,8.784771617076991e-17,5.551115123125783e-18,0.0,-464.7531428571429,6.147609340775256e-12,1.2230884230573284e-16,OPTIMAL,-464.75314285714285,0.0023972000926733017,6,6.147731649617561e-12,,verified original-model KKT certificate and objective comparisons passed
netlib,agg,benchmarks/datasets/coverage/netlib/agg.mps,d7844795d0c799f5cdc1416c8d242f5e8f351f5a3271f42a2d428f170abf1f03,101394,488,163,2410,-35991767.287,0.0,opt,OPTIMAL,OPTIMAL,-35991767.28657652,0.036010700000019824,0.07739389990456402,292,2,2,28,4,2,OPTIMAL,0.032314900000073976,0.07596389995887876,280,True,1.886490963443066e-12,4.872991626681612e-18,1.5980719387351145e-16,-35991767.28657651,1.1766329720689005e-11,2.070079120483366e-16,OPTIMAL,-35991767.2865765,0.00540179992094636,102,1.1766536728601052e-11,,verified original-model KKT certificate and objective comparisons passed
netlib,agg2,benchmarks/datasets/coverage/netlib/agg2.mps,0515e9b78a802f9473578b23a7a60075554fc39ea7b5796fb41530cd760e4534,165436,516,302,4284,-20239252.356,0.0,opt,OPTIMAL,OPTIMAL,-20239252.355977107,0.06457990000001246,0.12415789999067783,437,0,1,3,1,2,OPTIMAL,0.07501270000000204,0.14966559992171824,415,True,1.7369365222354053e-14,1.1306809587998509e-17,7.318422486157677e-17,-20239252.35597711,1.1308808838961246e-12,3.681252877270192e-16,OPTIMAL,-20239252.355977118,0.0076524000614881516,168,1.130512758608398e-12,,verified original-model KKT certificate and objective comparisons passed
netlib,agg3,benchmarks/datasets/coverage/netlib/agg3.mps,1a6e78a0b7d210c935c97527ce49449d0655f9605fcbc33bfdfc93952f3b12d1,165763,516,302,4300,10312115.935,0.0,opt,OPTIMAL,OPTIMAL,10312115.935089216,0.059461299999952644,0.1156141001265496,442,0,1,3,2,2,OPTIMAL,0.06736449999993965,0.15589930000714958,419,True,3.842086678922795e-14,1.1736050789005753e-16,7.318422486157677e-17,10312115.935089227,8.652568604276314e-12,1.0837611762448675e-15,OPTIMAL,10312115.935089216,0.01903679990209639,164,8.651484843100079e-12,,verified original-model KKT certificate and objective comparisons passed
netlib,bandm,benchmarks/datasets/coverage/netlib/bandm.mps,696daa77a79a0715c2fad877285e49bd7fcd7f5513f3cb83fbe0be916b6d8c81,93022,305,472,2494,-158.62801845,0.0,opt,OPTIMAL,OPTIMAL,-158.6280184501209,0.05824969999991936,0.1955401999875903,417,55,62,111,81,4,OPTIMAL,0.04649979999999232,0.11281229997985065,546,True,4.470220529487941e-14,2.930439605762174e-16,2.1791802250621042e-16,-158.6280184501203,7.582561736865632e-13,3.0459250833344838e-15,OPTIMAL,-158.62801845012078,0.029360299929976463,382,7.613020987698953e-13,,verified original-model KKT certificate and objective comparisons passed
netlib,beaconfd,benchmarks/datasets/coverage/netlib/beaconfd.mps,7138e7b58b1d6160f1ad42112a61ed00b5db1c92d73dc48d77f6a26fc717dbfc,114450,173,262,3375,33592.485807,0.0,opt,OPTIMAL,OPTIMAL,33592.4858072,0.01193039999998291,0.07261620019562542,94,58,23,65,65,2,OPTIMAL,0.004422399999953086,0.07746749999932945,105,True,1.6572410342125105e-16,8.148425868808489e-18,2.9612569780439704e-17,33592.4858072,5.953757755426571e-12,0.0,OPTIMAL,33592.4858072,0.004119999939575791,8,5.953757755426571e-12,,verified original-model KKT certificate and objective comparisons passed
netlib,blend,benchmarks/datasets/coverage/netlib/blend.mps,38e1d84a38f1e0adaa16d3dd0abe758f6cea13a21f33681aa92742b693260aef,17538,74,83,491,-30.812149846,0.0,opt,OPTIMAL,OPTIMAL,-30.812149845828195,0.0018730000000459768,0.030087299877777696,87,0,8,8,0,2,OPTIMAL,0.003003499999977066,0.03751140017993748,100,True,4.832169452091274e-16,4.544540223553011e-16,2.270772676270861e-16,-30.812149845828202,5.5756763557366165e-12,1.1530236275549967e-15,OPTIMAL,-30.812149845828237,0.0033030000049620867,80,5.5745233321090675e-12,,verified original-model KKT certificate and objective comparisons passed
netlib,bnl1,benchmarks/datasets/coverage/netlib/bnl1.mps,7a842adca058eaa3cb712b3bbae357602f22df6cc318c4d278f6600167fe2300,214176,643,1175,5121,1977.6292856,0.0,opt,OPTIMAL,OPTIMAL,1977.6295615228883,0.199962199999959,0.2811479000374675,965,0,86,112,7,2,OPTIMAL,0.2099550000000363,0.3779211000073701,997,True,8.321786859101429e-15,1.0002118049293665e-16,1.980836786091237e-16,1977.6295615228867,1.3952202779853906e-07,5.74864170386241e-16,OPTIMAL,1977.6295615228878,0.040427499916404486,775,1.3952202837340314e-07,,verified original-model KKT certificate and objective comparisons passed
netlib,bnl2,benchmarks/datasets/coverage/netlib/bnl2.mps,eafd7e49005db1a020d420b3fbed2e124bebf46740c0b2550edcbaa17b07ad6b,565836,2324,3489,13999,1811.2365404,0.0,opt,OPTIMAL,OPTIMAL,1811.2365403585459,1.0504976999999371,1.2119164001196623,1545,72,849,934,35,3,OPTIMAL,1.138554499999941,1.4216213000472635,2053,True,4.547473508864641e-13,1.2926287002522938e-16,9.853072011463388e-17,1811.236540358545,2.2887676433101578e-11,1.757490744734591e-15,OPTIMAL,1811.2365403585482,0.07591130002401769,1069,2.2885918942356883e-11,,verified original-model KKT certificate and objective comparisons passed
netlib,boeing1,benchmarks/datasets/coverage/netlib/boeing1.mps,1d9d58afaf41bad6866d5355330b261d3776ca86753d121eb9b688ee6128ab9e,141143,440,384,3819,-335.21356751,0.0,opt,OPTIMAL,OPTIMAL,-335.2135675071265,0.06725960000005671,0.11840620008297265,780,4,1,56,22,4,OPTIMAL,0.057530799999995,0.09975439985282719,807,True,1.7408297026122455e-13,4.148018164950661e-17,2.4952146794827307e-17,-335.21356750712664,8.57178306158287e-12,3.39147483101796e-16,OPTIMAL,-335.21356750712675,0.016850800020620227,408,8.571443914099772e-12,,verified original-model KKT certificate and objective comparisons passed
netlib,boeing2,benchmarks/datasets/coverage/netlib/boeing2.mps,e12e729b8c09bf6e6934af40b728e460d4eb360c42419b791b68fb2271ddd61a,49117,185,143,1283,-315.01872802,0.0,opt,OPTIMAL,OPTIMAL,-315.0187280152028,0.006977000000006228,0.04389380011707544,188,0,0,43,8,2,OPTIMAL,0.008488100000022314,0.05047950008884072,190,True,4.614552228905257e-16,1.041880304303417e-17,1.9736124823667092e-17,-315.01872801520284,1.5228258580282265e-11,3.6088913963276966e-16,OPTIMAL,-315.0187280152027,0.00439579994417727,141,1.5228619469421892e-11,,verified original-model KKT certificate and objective comparisons passed
netlib,bore3d,benchmarks/datasets/coverage/netlib/bore3d.mps,c7cfe0d4abd466346e3cda4e16d00651f44f3ce1da317cf583c5fed5dfc0515a,52624,233,315,1429,1373.0803942,0.0,opt,OPTIMAL,OPTIMAL,1373.0803942084926,0.006456699999944249,0.05020250007510185,118,42,54,98,45,4,OPTIMAL,0.007560099999977865,0.052605400094762444,178,True,2.0470815879817974e-16,2.7146848101691082e-17,6.680269481785908e-17,1373.0803942084929,6.185261664923329e-12,1.6559385481161195e-16,OPTIMAL,1373.0803942084926,0.003951499937102199,34,6.1850960710685185e-12,,verified original-model KKT certificate and objective comparisons passed
netlib,brandy,benchmarks/datasets/coverage/netlib/brandy.mps,56fa020b84a0a106b7883b7da006c2852449598898c41ec8dd2575151d0e0917,72908,220,249,2148,1518.5098965,0.0,opt,OPTIMAL,OPTIMAL,1518.5098964881279,0.011414700000045741,0.059678500052541494,233,40,7,91,15,2,OPTIMAL,0.012639000000035594,0.05167770013213158,291,True,1.0288066694859784e-14,1.0537969444378436e-16,2.2561539607785797e-17,1518.5098964881279,7.818249401572418e-12,0.0,OPTIMAL,1518.5098964881279,0.013679099967703223,203,7.818249401572418e-12,,verified original-model KKT certificate and objective comparisons passed
netlib,capri,benchmarks/datasets/coverage/netlib/capri.mps,4932bc8861fcdaf19256827b7ee229941fa6f2e84f2044b65300326c226fba78,70064,271,353,1767,2690.0129138,0.0,opt,OPTIMAL,OPTIMAL,2690.0129137681593,0.02210099999990689,0.07291439990513027,328,32,28,50,100,3,OPTIMAL,0.028079100000013568,0.09991039987653494,421,True,6.925313576949121e-15,1.2758939907163558e-16,1.160641220898648e-16,2690.0129137681624,1.1835545980813916e-11,1.1833517377974915e-15,OPTIMAL,2690.0129137681593,0.005804199958220124,150,1.18367293325517e-11,,verified original-model KKT certificate and objective comparisons passed
netlib,cycle,benchmarks/datasets/coverage/netlib/cycle.mps,bfc8edde30952b8dfa354679ea3a3231c2e7eb762c0ff8f0f845505741816d53,711928,1903,2857,20720,-5.2263930249,0.0,opt,OPTIMAL,OPTIMAL,-5.226393024894102,0.4497602999999799,0.6705422999802977,1331,148,304,603,75,2,OPTIMAL,0.49476479999998446,0.6615011000540107,1567,True,4.2381610198465527e-13,1.7045957586239222e-16,1.750447931291807e-16,-5.2263930248941035,1.1282382515620236e-12,3.398819857096841e-16,OPTIMAL,-5.226393024894102,0.33232880011200905,3726,1.1285781335477328e-12,,verified original-model KKT certificate and objective comparisons passed
netlib,czprob,benchmarks/datasets/coverage/netlib/czprob.mps,b1f30bd25705fcc3c4f195d7e627e437788035f81fae9198e3096471b947f704,494506,929,3523,10669,2185196.6989,0.0,opt,OPTIMAL,OPTIMAL,2185196.698856576,0.21806720000006408,0.3028679999988526,2345,419,197,389,236,3,OPTIMAL,0.4002322000000049,0.5013514999300241,3022,True,2.28004865873527e-16,2.982372280214246e-18,4.1373792831090317e-17,2185196.6988565777,1.9871185693268564e-11,2.1309811036754735e-16,OPTIMAL,2185196.698856578,0.062043000012636185,706,1.98709725951582e-11,,verified original-model KKT certificate and objective comparisons passed
netlib,d2q06c,benchmarks/datasets/coverage/netlib/d2q06c.mps,fb1516a10aba6a4101cea6cec90c1da775ac60d2d2cd96e902bbe21a430790c9,1194691,2171,5167,32417,122784.23615,0.0,opt,OPTIMAL,OPTIMAL,122784.21081418905,8.642978500000027,8.84467240003869,5663,10,102,116,101,2,OPTIMAL,7.717553700000053,7.961083399830386,5998,True,1.6656410376627577e-09,4.384131806637682e-13,3.274003123956497e-16,122784.21081418879,2.0634416928378366e-07,4.148066185509755e-15,OPTIMAL,122784.2108141893,2.977882199920714,5295,2.0634416513571832e-07,,verified original-model KKT certificate and objective comparisons passed
netlib,d6cube,benchmarks/datasets/coverage/netlib/d6cube.mps,8cd94ee7783bcbce884acde1f4769f5c79739c9460fe73cb948924e724b02dfa,1406453,415,6184,37704,315.49166667,0.0,opt,OPTIMAL,OPTIMAL,315.4916666666671,0.1982885999999553,0.38414719980210066,426,1,0,12,0,2,OPTIMAL,0.1580521000000772,0.345206200145185,429,True,4.1245924941782243e-13,2.595301985146174e-15,3.657439859247432e-17,315.49166666666656,1.0565768040783807e-11,1.2612185172106682e-15,OPTIMAL,315.49166666666696,0.1523796000983566,433,1.056450682226661e-11,,verified original-model KKT certificate and objective comparisons passed
netlib,degen2,benchmarks/datasets/coverage/netlib/degen2.mps,755cf6ca5f3a8ed1b8b68372e8d2d3b5efee784ee69b1dada923c6ff04ee0edb,155696,444,534,3978,-1435.178,0.0,opt,OPTIMAL,OPTIMAL,-1435.1779999999999,0.07468600000004244,0.12914630002342165,796,0,61,61,60,2,OPTIMAL,0.08455370000001494,0.1344108001794666,924,True,2.4424906541753444e-15,2.2405173505153465e-16,4.9509032033664136e-18,-1435.1779999999999,1.584289025077252e-16,1.584289025077252e-16,OPTIMAL,-1435.178,0.01970509998500347,445,0.0,,verified original-model KKT certificate and objective comparisons passed
netlib,degen3,benchmarks/datasets/coverage/netlib/degen3.mps,08d600688c524fea548e946af5551ef8c359c7a7e71b8841acc839b00eefadeb,871149,1503,1818,24646,-987.294,0.0,opt,OPTIMAL,OPTIMAL,-987.294000000001,1.1278138000000126,1.2870147998910397,3129,0,91,91,88,2,OPTIMAL,1.6290854000000081,1.8408152000047266,3363,True,4.773959005888173e-14,1.904940310348794e-16,6.693089842102692e-17,-987.2940000000001,1.1514993276735807e-16,5.7574966383679e-16,OPTIMAL,-987.2940000000007,0.5499121001921594,2098,6.90899596604148e-16,,verified original-model KKT certificate and objective comparisons passed
netlib,dfl001,benchmarks/datasets/coverage/netlib/dfl001.mps,85d47c5f8a5fc53772eabac1805b7a1af72431cad9e14d26d673043980952730,1465558,6071,12230,35632,11266400.0,0.0,opt,OPTIMAL,OPTIMAL,11266396.046671554,202.7540707999999,203.1153899000492,26525,0,15,15,376,4,OPTIMAL,170.8955605,171.12840569997206,23648,True,1.403854810178018e-11,2.2679062246262836e-17,3.504129953110418e-15,11266396.046671398,3.508954592430565e-07,1.6532750504375056e-15,OPTIMAL,11266396.04667138,12.744052900001407,18117,3.50895460896331e-07,,verified original-model KKT certificate and objective comparisons passed
netlib,e226,benchmarks/datasets/coverage/netlib/e226.mps,ddf56486daea52c8592b520aeb83d329223a1b45a3e5a269bd663ef9195bd8d8,93963,223,282,2578,-18.751929066,7.113,opt,OPTIMAL,OPTIMAL,-11.638929066370528,0.01975270000002638,0.0779182999394834,330,3,2,13,4,2,OPTIMAL,0.017924600000014834,0.052138900151476264,348,True,3.0767045447689134e-14,4.836037015178352e-16,5.022411532906423e-16,-11.638929066370562,1.976128675839375e-11,2.136708249512389e-15,OPTIMAL,-11.638929066370537,0.012290799990296364,335,1.975996054839887e-11,,verified original-model KKT certificate and objective comparisons passed
netlib,etamacro,benchmarks/datasets/coverage/netlib/etamacro.mps,41701e1add7af2ed2b21a421ab7271bc867e6bc7ad98ac189748d6522e7d4926,96850,400,688,2409,-755.71521774,0.0,opt,OPTIMAL,OPTIMAL,-755.7152331284209,0.044702599999936865,0.08620719984173775,642,146,15,81,50,3,OPTIMAL,0.0741873999999143,0.12027650000527501,774,True,1.0444978215673473e-14,5.6426036896440076e-11,1.3985429707742558e-10,-755.7152332922664,2.0579532764915316e-08,1.0931588230395915e-11,OPTIMAL,-755.7152333005275,0.022849499946460128,419,2.0590464352920744e-08,,verified original-model KKT certificate and objective comparisons passed
netlib,fffff800,benchmarks/datasets/coverage/netlib/fffff800.mps,9d6695686c15d5f1b4f43b2ce8830c1d38df3a204717d8875f144aa21b33901e,210313,524,854,6227,555679.61165,0.0,opt,OPTIMAL,OPTIMAL,555679.5648174963,0.18274269999994885,0.338583700126037,722,37,10,58,3,2,OPTIMAL,0.20616449999999986,0.3751445000525564,838,True,5.6182938779418904e-14,2.194320723999924e-16,1.89163126666335e-16,555679.5648174959,8.4279687644297e-08,8.380032608553419e-16,OPTIMAL,555679.5648174963,0.022671400103718042,411,8.427968680629381e-08,,verified original-model KKT certificate and objective comparisons passed
netlib,finnis,benchmarks/datasets/coverage/netlib/finnis.mps,891821f24a8cd14af78b95bb460a56f0e0b5410a59ad01ab58d9daf3387e7546,102076,497,614,2310,172790.96547,0.0,opt,OPTIMAL,UNKNOWN,172791.06621228505,0.11660410000001775,0.19321719999425113,33,60,19,73,40,2,OPTIMAL,0.13764760000003662,0.20108339982107282,36,False,,,,172791.06621223688,5.830291987547986e-07,3.568617613850025e-09,OPTIMAL,172791.06559561164,0.015254399972036481,246,5.794605832088219e-07,presolve,"Optimal solution found by primal-dual interior-point (Mehrotra). Normal equations: sparse LDL^T with minimum-degree ordering (nnz(L) = 4550, dense triangle 103740), up to 3 dependent rows dropped per iteration.; verifier=missing row dual certificate entries: 497"
netlib,fit1d,benchmarks/datasets/coverage/netlib/fit1d.mps,59cee4fedd040a05c05d8410474ee014f42ef910e083689202be708491fe8717,497202,24,1026,13404,-9146.3780924,0.0,opt,OPTIMAL,OPTIMAL,-9146.378092420928,0.052687300000002324,0.11595200002193451,483,0,0,0,22,2,OPTIMAL,0.025691199999982928,0.10086510004475713,516,True,9.04462586627707e-17,4.934324553889585e-18,8.406562382798463e-17,-9146.378092420926,2.2878623523918623e-12,1.9887537833726197e-16,OPTIMAL,-9146.378092420928,0.013038800098001957,58,2.288061227770199e-12,,verified original-model KKT certificate and objective comparisons passed
netlib,fit1p,benchmarks/datasets/coverage/netlib/fit1p.mps,416e77d83daf74dee5ec1d253b77f8e252ff3e27cd123459218b02ef2be0df17,391101,627,1677,9868,9146.3780924,0.0,opt,OPTIMAL,OPTIMAL,9146.378092420926,0.11356909999994969,0.168529300019145,812,0,0,0,0,1,OPTIMAL,0.13348450000000867,0.2059954998549074,812,True,2.591277322367492e-16,4.1723960987992193e-16,2.592951232017896e-17,9146.378092420926,2.2878623523918623e-12,9.94376891686309e-16,OPTIMAL,9146.378092420935,0.06066110008396208,860,2.2888567292835465e-12,,verified original-model KKT certificate and objective comparisons passed
netlib,fit2d,benchmarks/datasets/coverage/netlib/fit2d.mps,1c16c328c0358ab175596bdd6b9a2c5d1cb4bb53b099d5d1f2a208a889c7bafc,4780670,25,10500,129018,-68464.293294,0.0,opt,OPTIMAL,OPTIMAL,-68464.29329383215,3.46191060000001,4.119664900004864,5034,0,0,0,0,1,OPTIMAL,2.005771100000061,3.2114514999557287,5034,True,7.382755348687048e-17,8.739763047479706e-19,8.189762577429251e-18,-68464.29329383207,2.4527982931808083e-12,4.2509502481574063e-16,OPTIMAL,-68464.2932938321,0.21857009991072118,129,2.4523731981559937e-12,,verified original-model KKT certificate and objective comparisons passed
netlib,fit2p,benchmarks/datasets/coverage/netlib/fit2p.mps,0f44de8ea974ed4cc04fb60ccd2707c2f887dc65f8b6b9bd1e9f01bb59dd4a4f,2308581,3000,13525,50284,68464.293232,0.0,opt,OPTIMAL,OPTIMAL,68464.2932938321,6.132882900000027,6.445155799854547,7220,0,0,0,0,1,OPTIMAL,6.060126400000058,6.369375000009313,7220,True,2.9445190137669445e-16,1.7473373845548796e-13,1.5216042194456735e-17,68464.29329383206,9.031286209043729e-10,1.487832586855091e-15,OPTIMAL,68464.29329383216,1.1160778000485152,4907,9.031301087369584e-10,,verified original-model KKT certificate and objective comparisons passed
netlib,forplan,benchmarks/datasets/coverage/netlib/forplan.mps,65ec816c0b3c58ec4d61574df130a3ce464abb42f3d49de21710a787bf3cfdc7,159718,162,421,4564,-664.21873953,0.0,opt,OPTIMAL,OPTIMAL,-664.218961272204,0.014415200000030381,0.05433479999192059,259,3,1,28,5,2,OPTIMAL,0.01194040000007135,0.06439449987374246,268,True,1.5542478956841015e-15,9.7495880877607e-17,2.543181444849099e-16,-664.2189612722015,3.338390115155299e-07,5.9905536460978865e-15,OPTIMAL,-664.2189612722054,0.009504199959337711,165,3.3383901750608155e-07,,verified original-model KKT certificate and objective comparisons passed
netlib,ganges,benchmarks/datasets/coverage/netlib/ganges.mps,f655f33ba979a59d659a8605acaf480c2fe5c610f3a50921bbcac7be40546067,286767,1309,1681,6912,-109586.36356,0.0,opt,OPTIMAL,FEASIBLE,-109585.73612927798,0.10762859999999819,0.1604541998822242,909,184,328,521,1061,15,OPTIMAL,0.19632679999995162,0.2607758999802172,1426,True,4.547473508864641e-13,4.8316906031687155e-17,2.9428725524655433e-16,-109585.73612927792,5.7254452259495005e-06,1.8590632357189233e-15,OPTIMAL,-109585.73612927813,0.017026799963787198,513,5.725445224090448e-06,objective/reference mismatch,reference_rel_diff=5.7254452259495005e-06; highs_rel_diff=1.8590632357189233e-15; pass threshold=1.0e-06
netlib,gfrd-pnc,benchmarks/datasets/coverage/netlib/gfrd-pnc.mps,d66ea78a803e91e4f38dcd74ca4c575aa742e27e7120c1c3494d4d424ee5c936,132676,616,1092,2377,6902235.9995,0.0,opt,OPTIMAL,OPTIMAL,6902235.999548822,0.048479999999926804,0.08331490005366504,552,26,130,156,42,2,OPTIMAL,0.06516780000004019,0.10077579994685948,708,True,1.4324541552718427e-11,2.6603502086683556e-16,3.718583788314828e-17,6902235.9995488105,7.071710694735432e-12,2.6986112172239762e-16,OPTIMAL,6902235.999548812,0.013498800108209252,303,7.071980555857153e-12,,verified original-model KKT certificate and objective comparisons passed
netlib,greenbea,benchmarks/datasets/coverage/netlib/greenbea.mps,cb701e3ba5153e385b8cb6426e34b5d23bad4b1b9c9a037802e351c24b0f653d,1050444,2392,5405,30877,-72462405.908,0.0,opt,OPTIMAL,FEASIBLE,-72555248.12984604,6.878436400000055,7.063621200155467,8666,230,392,479,102,3,OPTIMAL,6.29153800000006,6.55069679999724,6466,True,1.4837034090157312e-10,1.871863080213042e-16,6.205902449547228e-16,-72555248.12984595,0.0012796072543200174,1.0268837594752842e-15,OPTIMAL,-72555248.12984587,0.48658009991049767,2524,0.001279607254318992,objective/reference mismatch,reference_rel_diff=0.0012796072543200174; highs_rel_diff=1.0268837594752842e-15; pass threshold=1.0e-06
netlib,greenbeb,benchmarks/datasets/coverage/netlib/greenbeb.mps,21f92f6a32f71ec72c8f693d6685e4a91ecb2debec732ec61302bc866f370865,1050540,2392,5405,30877,-4302147.6065,0.0,opt,OPTIMAL,FEASIBLE,-4302260.261206588,6.8698971999999685,7.234353000065312,7317,244,391,481,109,3,OPTIMAL,8.661051999999927,8.870520600117743,8343,True,2.4072362357684795e-11,8.897462782941228e-17,1.610299444768983e-16,-4302260.261206597,2.618500503401285e-05,2.5976742960341957e-15,OPTIMAL,-4302260.261206586,1.001044699922204,4620,2.6185005031415244e-05,objective/reference mismatch,reference_rel_diff=2.618500503401285e-05; highs_rel_diff=2.5976742960341957e-15; pass threshold=1.0e-06
netlib,grow15,benchmarks/datasets/coverage/netlib/grow15.mps,ab84e2f83d00c5bd26291e0505f23804b050bc96dc1e576d9da8f04e1f6ed51f,206654,300,645,5620,-106870941.29,-0.0,opt,OPTIMAL,OPTIMAL,-106870941.29357535,0.07653080000000045,0.1415679999627173,969,0,0,0,15,2,OPTIMAL,0.07437719999995807,0.1250664999242872,969,True,4.8271483511723565e-14,9.78641733734797e-15,2.4676778279757945e-16,-106870941.29357535,3.345474335766106e-11,1.3943136472349435e-16,OPTIMAL,-106870941.29357533,0.06039420003071427,1198,3.345460392629634e-11,,verified original-model KKT certificate and objective comparisons passed
netlib,grow22,benchmarks/datasets/coverage/netlib/grow22.mps,671111a1623539730f4caa9366c7eda43fb472137773cd9444dc96ed87f9810e,303275,440,946,8252,-160834336.48,-0.0,opt,OPTIMAL,OPTIMAL,-160834336.48256296,0.35019690000001447,0.44026080006733537,1302,0,0,0,22,2,OPTIMAL,0.20431879999989633,0.29877309990115464,1302,True,2.39489857951343e-13,1.8245862832343678e-15,3.0571024657192343e-17,-160834336.48256296,1.5935464895565237e-11,0.0,OPTIMAL,-160834336.48256296,0.3160576999653131,1934,1.5935464895565237e-11,,verified original-model KKT certificate and objective comparisons passed
netlib,grow7,benchmarks/datasets/coverage/netlib/grow7.mps,6b8734ffdf991a36f17cfddf306834a4a3ced3e17964cac9fa2983a043906cd4,96229,140,301,2612,-47787811.815,-0.0,opt,OPTIMAL,OPTIMAL,-47787811.814711496,0.012022100000081082,0.07442650012671947,207,0,0,0,7,2,OPTIMAL,0.007726600000069084,0.0718071002047509,207,True,2.933016416262511e-14,2.695411554778044e-16,2.78788163541744e-17,-47787811.8147115,6.036977219428426e-12,0.0,OPTIMAL,-47787811.8147115,0.12644700007513165,441,6.036977219428426e-12,,verified original-model KKT certificate and objective comparisons passed
netlib,israel,benchmarks/datasets/coverage/netlib/israel.mps,96564e1fddcbb6e3d46447fceb54b9d18260b95e95075c3a19f5812f9bf5ceeb,81947,174,142,2269,-896644.82186,0.0,opt,OPTIMAL,OPTIMAL,-896644.8218630458,0.007758899999998903,0.0459604999050498,124,0,0,7,7,2,OPTIMAL,0.011720999999965898,0.04495690017938614,167,True,1.2354896979681288e-12,2.2684437190877824e-16,1.7526010414110495e-16,-896644.8218630459,3.3969866395382515e-12,0.0,OPTIMAL,-896644.8218630459,0.01390179991722107,133,3.3969866395382515e-12,,verified original-model KKT certificate and objective comparisons passed
netlib,kb2,benchmarks/datasets/coverage/netlib/kb2.mps,f0eb647d1d9aac84f49d88662b6b02c6cecc04496e5435be733eced36d7f48f2,10368,43,41,286,-1749.9001299,0.0,opt,OPTIMAL,OPTIMAL,-1749.900129906206,0.0025177999999641543,0.06745049986056983,49,0,4,4,0,2,OPTIMAL,0.0013606999999637992,0.05174200003966689,62,True,2.9568575928760876e-16,2.5484611447227666e-16,1.4863749707749698e-17,-1749.9001299062056,3.5463222259459786e-12,0.0,OPTIMAL,-1749.9001299062056,0.002670600078999996,31,3.5463222259459786e-12,,verified original-model KKT certificate and objective comparisons passed
netlib,lotfi,benchmarks/datasets/coverage/netlib/lotfi.mps,fcb90a1b5e02b2eae67adacd0937a073d420ca92ac6af514ee13a348d7f31623,37853,153,308,1078,-25.264706062,0.0,opt,OPTIMAL,OPTIMAL,-25.264706061880002,0.01052289999995537,0.04365290002897382,239,8,6,14,1,2,OPTIMAL,0.0122515000000476,0.04719690000638366,248,True,1.8189894035458534e-15,1.1810883240693152e-16,1.1864781482697622e-16,-25.26470606188001,4.749287464233793e-12,2.8123926477505473e-16,OPTIMAL,-25.264706061880002,0.00496599986217916,98,4.749568703498567e-12,,verified original-model KKT certificate and objective comparisons passed
netlib,maros,benchmarks/datasets/coverage/netlib/maros.mps,4910e97a363fca07d2fb72838fa26629329a9a8dcd6a4da186f560424bd67077,334301,846,1443,9614,-58063.743701,0.0,opt,OPTIMAL,OPTIMAL,-58063.743701125895,0.3945076999999628,0.5258867999073118,1604,47,86,109,17,2,OPTIMAL,0.47568989999990663,0.5822695000097156,1683,True,4.653262231400537e-10,3.1194559130931228e-15,4.501122045960972e-16,-58063.74370112588,2.1679852978640533e-12,1.2530982589815925e-16,OPTIMAL,-58063.74370112589,0.05848370003513992,1283,2.1681106076899513e-12,,verified original-model KKT certificate and objective comparisons passed
netlib,maros-r7,benchmarks/datasets/coverage/netlib/maros-r7.mps,e97f59ab32a8280526c26c210aacabd6e0c05300e67a0d4afd00b95d245f8db7,4892894,3136,9408,144848,1497185.1665,0.0,opt,OPTIMAL,OPTIMAL,1497185.1664796583,61.37512389999995,62.61245789984241,5398,0,0,0,980,2,OPTIMAL,39.43974849999995,40.058373800013214,4525,True,4.4256573110113194e-11,1.2894181040679224e-11,1.4826569172423029e-15,1497185.1664795964,1.3628005574632813e-11,3.063591453264374e-14,OPTIMAL,1497185.1664796423,1.2911364000756294,2457,1.3597369660100587e-11,,verified original-model KKT certificate and objective comparisons passed
netlib,modszk1,benchmarks/datasets/coverage/netlib/modszk1.mps,af109be42aa6bd62fc307b623184c69f1030db2f8e1682c636b387a49fd8da43,142951,687,1620,3168,320.61972906,0.0,opt,OPTIMAL,OPTIMAL,320.6197290584873,0.09575930000005428,0.17305109999142587,643,1,34,36,0,2,OPTIMAL,0.08613979999995536,0.13418389996513724,677,True,1.5427108424406255e-13,2.878454339835985e-17,6.245517218669409e-14,320.61972905907044,2.899261475131612e-12,1.6454146577408878e-11,OPTIMAL,320.61972906434596,0.018331000115722418,539,1.3554885102316566e-11,,verified original-model KKT certificate and objective comparisons passed
netlib,nesm,benchmarks/datasets/coverage/netlib/nesm.mps,20b55063a879a649ef5c7a1a701f81917717b414943f58dea37a1c30495bc5ba,639486,750,2923,13680,14076073.035,0.0,opt,OPTIMAL,FEASIBLE,14076036.487562802,0.6572999999999638,0.7604573999997228,2998,183,0,24,122,2,OPTIMAL,0.6166970000000447,0.7277102000080049,3147,True,5.882353036041114e-09,4.439042046641102e-13,4.4756851878168955e-14,14076036.487562714,2.5964228229797916e-06,6.616369426424656e-16,OPTIMAL,14076036.487562705,0.3267081999219954,2574,2.596422823641427e-06,objective/reference mismatch,reference_rel_diff=2.5964228229797916e-06; highs_rel_diff=6.616369426424656e-16; pass threshold=1.0e-06
netlib,perold,benchmarks/datasets/coverage/netlib/perold.mps,040ed4572876366cd979b6811ee20d706abba6998616b0e53201ea1e043acacd,222857,625,1376,6018,-9380.7580773,0.0,opt,OPTIMAL,OPTIMAL,-9380.75527823466,0.4300246000000243,0.4896126000676304,1469,86,45,52,102,3,OPTIMAL,0.34306819999994786,0.4236655000131577,1453,True,5.7443350847612936e-11,6.292994946128635e-16,9.239766872904166e-15,-9380.755278235549,2.9838360919816756e-07,3.858739307968719e-14,OPTIMAL,-9380.755278235187,0.07564989989623427,1149,2.9838364778554915e-07,,verified original-model KKT certificate and objective comparisons passed
netlib,pilot,benchmarks/datasets/coverage/netlib/pilot.mps,26916951225f695c68c474adb2e1e052e4c1b3479d6a11fbd579fd20d4e7d2eb,1447076,1441,3652,43167,-557.40430007,0.0,opt,OPTIMAL,FEASIBLE,-557.4897292730866,16.089913799999977,16.282289299881086,13000,214,15,27,2341,20,OPTIMAL,5.5258715999999595,5.751757399877533,4599,True,3.65773142796227e-12,5.365264987464225e-11,3.425030446741785e-15,-557.4897292730672,0.000153239061782489,2.395318739981343e-12,OPTIMAL,-557.4897292744025,2.302542599849403,4815,0.00015323906417744068,objective/reference mismatch,reference_rel_diff=0.000153239061782489; highs_rel_diff=2.395318739981343e-12; pass threshold=1.0e-06
netlib,pilot4,benchmarks/datasets/coverage/netlib/pilot4.mps,67e872aae722a493f5c2c8f88e3d70d093eea116093874ea43852c864a687cba,187371,410,1000,5141,-2581.1392641,0.0,opt,OPTIMAL,OPTIMAL,-2581.1392595637985,0.1745307999999568,0.22667449992150068,1157,39,18,26,29,3,OPTIMAL,0.19581249999998818,0.24792500003241003,1226,True,1.927200000939838e-07,9.947265141938928e-17,4.929714933324816e-16,-2581.13925956376,1.7574566405213918e-09,2.634009660258405e-10,OPTIMAL,-2581.1392588838853,0.03463510004803538,684,2.0208576060843163e-09,,verified original-model KKT certificate and objective comparisons passed
netlib,pilot87,benchmarks/datasets/coverage/netlib/pilot87.mps,0ecfcc173d82c8a0252f58a99b2a529d8ad0155ee9212b8451cc25c0e387caa4,2451962,2030,4883,73152,301.71072827,0.0,opt,NUMERICAL_ERROR,UNKNOWN,,284.1043947999999,284.57355580013245,0,242,23,39,1253,12,TIME_LIMIT,300.0,300.0938315000385,,False,,,,,,,OPTIMAL,301.71034733310745,9.597608000040054,8369,1.2625898148824655e-06,iteration or time limit,"LP unsolved. Dual simplex: ITERATION_LIMIT: Dual simplex hit its iteration limit. | Interior point: ITERATION_LIMIT: IPM did not converge in 250 iterations. Relative duality gap = 1.72911e-005 (tolerance 1e-009), primal residual = 1.43927e-010, dual residual = 8.45176e-016. No solution returned; the caller should fall back to the simplex path. | Revised simplex: NUMERICAL_ERROR: Phase I basis became numerically singular. Basis refactorization failed under Bland mode.; verifier=missing certificate payload"
netlib,pilotnov,benchmarks/datasets/coverage/netlib/pilotnov.mps,2b000b6da9fb539e3303d5b81f00cc74f430e7ed52d7666ff1ef835bf060773d,464041,975,2172,13057,-4497.2761882,0.0,opt,OPTIMAL,OPTIMAL,-4497.27618821887,0.49921100000005936,0.6057140999473631,1882,249,54,144,585,10,OPTIMAL,0.5687907000000223,0.6630715001374483,1629,True,5.82733996731053e-11,2.1604275191301265e-16,2.0661093623226225e-17,-4497.2761882188715,4.196118890034262e-12,0.0,OPTIMAL,-4497.2761882188715,0.18086760002188385,2154,4.196118890034262e-12,,verified original-model KKT certificate and objective comparisons passed
netlib,recipe,benchmarks/datasets/coverage/netlib/recipe.mps,277b34645cc89526db4a3365fa781ce28aa9768a65c4f301416a8a05c934af61,30179,91,180,663,-266.616,0.0,opt,OPTIMAL,OPTIMAL,-266.6160000000001,0.001983200000040597,0.02343370020389557,45,37,7,17,61,5,OPTIMAL,0.0013749000000871092,0.021862899884581566,47,True,0.0,1.0625799069373606e-16,4.7100186195112477e-17,-266.616,0.0,1.0660166468030417e-15,OPTIMAL,-266.61600000000027,0.0022042999044060707,19,1.0660166468030417e-15,,verified original-model KKT certificate and objective comparisons passed
netlib,sc105,benchmarks/datasets/coverage/netlib/sc105.mps,062d034400be956757316a9bde8e6de3d221a88fb5dc502def743f1883e23ec3,11460,105,103,280,-52.202061212,0.0,opt,OPTIMAL,OPTIMAL,-52.202061211707225,0.002534500000024309,0.02515790006145835,82,0,21,22,0,2,OPTIMAL,0.0023965999999973064,0.023616200080141425,101,True,1.6207960307725092e-15,5.551115123125783e-17,1.1902862133428287e-16,-52.20206121170724,5.608165869139637e-12,1.3611392333311703e-16,OPTIMAL,-52.20206121170723,0.0020401000510901213,37,5.608301983062969e-12,,verified original-model KKT certificate and objective comparisons passed
netlib,sc205,benchmarks/datasets/coverage/netlib/sc205.mps,bcecc8d8cafd08c6d97cf8e39a740f5d777e317600bb9f6f158f2ceb550005f9,22438,205,203,551,-52.202061212,0.0,opt,OPTIMAL,OPTIMAL,-52.202061211707225,0.007311999999956242,0.027837400091812015,185,1,39,41,0,2,OPTIMAL,0.006849500000043918,0.030793400015681982,210,True,8.511227987827317e-15,1.1102230246251565e-16,1.2212453270876725e-16,-52.202061211707225,5.608438096986301e-12,2.7222784666623416e-16,OPTIMAL,-52.20206121170721,0.0030822998378425837,84,5.608710324832966e-12,,verified original-model KKT certificate and objective comparisons passed
netlib,sc50a,benchmarks/datasets/coverage/netlib/sc50a.mps,36bfce2f419555712bf1b9a8477541199073c7654475d933475cea6db0abe2f2,5390,50,48,130,-64.575077059,0.0,opt,OPTIMAL,OPTIMAL,-64.5750770585645,0.0007929999999305437,0.019311700016260147,38,0,11,12,0,2,OPTIMAL,0.0007951000000048225,0.020231200149282813,45,True,4.813360490283106e-16,1.942890293094024e-16,1.4777068457760838e-16,-64.5750770585645,6.743958545329677e-12,0.0,OPTIMAL,-64.5750770585645,0.0012779999524354935,18,6.743958545329677e-12,,verified original-model KKT certificate and objective comparisons passed
netlib,sc50b,benchmarks/datasets/coverage/netlib/sc50b.mps,bfc47ffcf8f037552130a75142a203dc768d82d15c3b7b9f718c444ffa472f15,4783,50,48,118,-70.0,0.0,opt,OPTIMAL,OPTIMAL,-70.00000000000001,0.001027600000043094,0.023746500024572015,37,0,11,13,0,2,OPTIMAL,0.0009461999999302861,0.020214700140058994,51,True,1.0170224515280896e-16,5.551115123125783e-17,8.029291517378368e-17,-69.99999999999997,4.0602442043434295e-16,2.0301221021717152e-16,OPTIMAL,-69.99999999999999,0.0022621999960392714,18,2.0301221021717148e-16,,verified original-model KKT certificate and objective comparisons passed
netlib,scagr25,benchmarks/datasets/coverage/netlib/scagr25.mps,7bac79b91dec46966af26a236d593c823f1e61eb055597426365e4f6bc36df76,76874,471,500,1554,-14753433.061,0.0,opt,OPTIMAL,OPTIMAL,-14753433.060768524,0.0389405999999326,0.09460070007480681,494,1,81,83,59,2,OPTIMAL,0.061805100000015045,0.10668940003961325,540,True,9.36931951589327e-16,8.678904676082841e-17,2.2432688033975474e-17,-14753433.06076852,1.568992281075136e-11,5.050065680465911e-16,OPTIMAL,-14753433.060768528,0.011091999942436814,338,1.5689417804183323e-11,,verified original-model KKT certificate and objective comparisons passed
netlib,scagr7,benchmarks/datasets/coverage/netlib/scagr7.mps,2170c16fd0cc04a823172c1564e89593e75aac5225e2c2f893a6837ba0b26085,21154,129,140,420,-2331389.2548,0.0,opt,OPTIMAL,OPTIMAL,-2331389.8243309837,0.006351500000050692,0.0460271998308599,141,1,27,29,23,2,OPTIMAL,0.007697899999925539,0.08856660011224449,171,True,2.4585738767875997e-16,7.261936843548012e-17,3.6592165812845745e-17,-2331389.8243309837,2.4428818274477627e-07,1.9973548929826246e-16,OPTIMAL,-2331389.824330984,0.002542699920013547,104,2.442881829445117e-07,,verified original-model KKT certificate and objective comparisons passed
netlib,scfxm1,benchmarks/datasets/coverage/netlib/scfxm1.mps,3e602523ca64bb4fd7387da7eca577d964e08d7c04326c59937a0d58add7de25,91527,330,457,2589,18416.759028,0.0,opt,OPTIMAL,OPTIMAL,18416.75902834894,0.02426330000002963,0.05302050011232495,410,8,11,22,13,2,OPTIMAL,0.028425699999957033,0.05984829994849861,428,True,5.684688830775997e-15,2.0888600065417891e-16,8.782918289284907e-17,18416.75902834894,1.8946893681124045e-11,3.950726402503031e-16,OPTIMAL,18416.759028348948,0.010588099947199225,375,1.8947288753764286e-11,,verified original-model KKT certificate and objective comparisons passed
netlib,scfxm2,benchmarks/datasets/coverage/netlib/scfxm2.mps,64d44da9d2e6329705e73b1e083f52a7560124c13af4c67ff60d55b0a46b0f0e,183346,660,914,5183,36660.261565,0.0,opt,OPTIMAL,OPTIMAL,36660.26156499881,0.09517570000002706,0.13632800010964274,867,16,22,44,26,2,OPTIMAL,0.09137729999997646,0.13751630019396544,867,True,3.814230469052397e-14,3.8862511749614684e-17,1.7667789548827093e-17,36660.261564998815,3.2350589998085804e-14,0.0,OPTIMAL,36660.261564998815,0.021789500024169683,771,3.2350589998085804e-14,,verified original-model KKT certificate and objective comparisons passed
netlib,scfxm3,benchmarks/datasets/coverage/netlib/scfxm3.mps,515b442feba7cb583e03d4466da264782d898cc69093848052a7fa98ba4eac7b,275152,990,1371,7777,54901.25455,0.0,opt,OPTIMAL,OPTIMAL,54901.25454975146,0.19177490000004127,0.2586859001312405,1307,24,33,66,39,2,OPTIMAL,0.19904589999998734,0.24820700008422136,1317,True,7.542950928808688e-15,4.857813968701835e-17,1.1797650007221661e-17,54901.254549751466,4.526894006746836e-12,3.975842268371095e-16,OPTIMAL,54901.254549751444,0.03619590005837381,1202,4.527291590973672e-12,,verified original-model KKT certificate and objective comparisons passed
netlib,scorpion,benchmarks/datasets/coverage/netlib/scorpion.mps,39b61cae042ce4adffb441faec77f5cc003fa725baa25edfb1738aef93a83c5d,61658,388,358,1426,1878.1248227,0.0,opt,OPTIMAL,OPTIMAL,1878.1248227381063,0.00857220000000325,0.03326060017570853,198,13,62,141,100,2,OPTIMAL,0.0159600000000637,0.042105000000447035,325,True,1.1599367274258256e-16,9.881276323754044e-17,1.125183491286244e-17,1878.1248227381066,2.0289633202695152e-11,1.2106419801839654e-16,OPTIMAL,1878.1248227381068,0.007784300018101931,78,2.0289754266893168e-11,,verified original-model KKT certificate and objective comparisons passed
netlib,scrs8,benchmarks/datasets/coverage/netlib/scrs8.mps,33b12d5e3d07b47a8b837ab0bf445fbfb5980af5c825bf049c23e71fb3faf026,138442,490,1169,3182,904.29998619,0.0,opt,OPTIMAL,FEASIBLE,904.2969538007919,0.08812060000002475,0.17134060012176633,896,25,21,51,31,2,OPTIMAL,0.06504799999993338,0.10405379999428988,832,True,7.067309459488384e-16,8.571434161991758e-17,7.380712398947921e-17,904.2969538007912,3.3533000719812496e-06,8.800293539710641e-16,OPTIMAL,904.296953800792,0.010639199987053871,361,3.3533000711012235e-06,objective/reference mismatch,reference_rel_diff=3.3533000719812496e-06; highs_rel_diff=8.800293539710641e-16; pass threshold=1.0e-06
netlib,scsd1,benchmarks/datasets/coverage/netlib/scsd1.mps,8c4aac4987a81ef66715b5cb2debdb1993afe6cb5e2a29f32556a03802bf55f5,104995,77,760,2388,8.6666666743,0.0,opt,OPTIMAL,OPTIMAL,8.666666674333364,0.005042799999955605,0.05814320011995733,85,0,0,0,0,1,OPTIMAL,0.0036978000000544853,0.03756289999000728,85,True,5.551115123125783e-17,5.590169886147239e-09,1.1457849940737693e-16,8.666666674333364,3.84963855324248e-12,0.0,OPTIMAL,8.666666674333364,0.0031755000818520784,86,3.84963855324248e-12,,verified original-model KKT certificate and objective comparisons passed
netlib,scsd6,benchmarks/datasets/coverage/netlib/scsd6.mps,f3da742cfa24cfadb99d510847ea1f7a361ba61537d4c2900c09b674912a5891,189457,147,1350,4316,50.500000078,0.0,opt,OPTIMAL,OPTIMAL,50.500000078262374,0.012059600000043247,0.04663090012036264,233,0,0,0,0,1,OPTIMAL,0.01000690000000759,0.04556400002911687,233,True,2.9948431219899275e-15,1.8750001247622276e-09,2.519403471267005e-17,50.50000007826236,5.195263353375561e-12,1.1256122529250485e-15,OPTIMAL,50.5000000782623,0.008515099994838238,270,5.194137741122641e-12,,verified original-model KKT certificate and objective comparisons passed
netlib,scsd8,benchmarks/datasets/coverage/netlib/scsd8.mps,2090a22840fe2c75730cd76336702ece7c27a739d58740926b67c4b2e57b8e5c,380866,397,2750,8584,904.99999993,0.0,opt,OPTIMAL,OPTIMAL,904.9999999254655,0.07568480000009004,0.1331030000001192,752,0,0,0,0,1,OPTIMAL,0.07680519999996704,0.1480539001058787,752,True,3.4542034149005674e-15,4.72063333360595e-16,7.327880885053907e-18,904.9999999254645,5.011516800460725e-12,2.512416303447055e-16,OPTIMAL,904.9999999254643,0.042708100052550435,1054,5.011768042091069e-12,,verified original-model KKT certificate and objective comparisons passed
netlib,sctap1,benchmarks/datasets/coverage/netlib/sctap1.mps,2b1ab5950d3e37fd21327892e2bc830c5f0d8d3fc1f687c0f57a5cdefd9caa21,76483,300,480,1692,1412.25,0.0,opt,OPTIMAL,OPTIMAL,1412.2500000000002,0.014649800000029245,0.03864779998548329,296,0,0,16,0,2,OPTIMAL,0.014146399999958703,0.04245569999329746,296,True,1.3322676295501894e-15,9.716823736890259e-17,2.515640770968668e-17,1412.2499999999998,1.6100100934199472e-16,1.6100100934199472e-16,OPTIMAL,1412.25,0.007113900035619736,323,0.0,,verified original-model KKT certificate and objective comparisons passed
netlib,sctap2,benchmarks/datasets/coverage/netlib/sctap2.mps,673d50e3b929f83b1719d28ee09500890294107099518161bcf2a4f452e95fb2,298906,1090,1880,6714,1724.8071429,0.0,opt,OPTIMAL,OPTIMAL,1724.8071428571427,0.10526709999999184,0.15078489994630218,714,0,0,57,0,2,OPTIMAL,0.10762929999998505,0.1505786997731775,714,True,8.7938457396052e-17,3.739698609263685e-17,4.119548893930751e-18,1724.8071428571427,2.4847537020797624e-11,1.3182556460578402e-16,OPTIMAL,1724.807142857143,0.021563899936154485,755,2.484740519523302e-11,,verified original-model KKT certificate and objective comparisons passed
netlib,sctap3,benchmarks/datasets/coverage/netlib/sctap3.mps,44e105b02a722bf19292b8aeb4779480c4eb81f40da35d64d8f4534f85000168,395351,1480,2480,8874,1424.0,0.0,opt,OPTIMAL,OPTIMAL,1424.0,0.30656729999998333,0.35716930008493364,1031,0,0,72,0,2,OPTIMAL,0.23468189999994138,0.2996276000048965,1031,True,3.9746851643318573e-16,9.689219124001366e-17,2.9938598416858155e-18,1424.0,0.0,0.0,OPTIMAL,1424.0,0.020529899979010224,982,0.0,,verified original-model KKT certificate and objective comparisons passed
netlib,seba,benchmarks/datasets/coverage/netlib/seba.mps,539733cdb036e2d2e8e80e7ea1666848b6b67a36a34b1c6cf9a883e1c868ef1e,202481,522,1028,4367,15711.6,0.0,opt,OPTIMAL,OPTIMAL,15711.6,0.032296900000005735,0.06970689981244504,439,66,66,66,67,2,OPTIMAL,0.032194199999935336,0.06904989993199706,439,True,0.0,0.0,0.0,15711.599999999999,1.1577365790536013e-16,0.0,OPTIMAL,15711.599999999999,0.004988000029698014,1,1.1577365790536013e-16,,verified original-model KKT certificate and objective comparisons passed
netlib,share1b,benchmarks/datasets/coverage/netlib/share1b.mps,fafdf8b5e3d50d27f5eff40e46eb104d1e614bf2721cb5be38081f1678dbd562,42380,117,225,1151,-76589.318579,0.0,opt,OPTIMAL,OPTIMAL,-76589.31857918562,0.006084999999984575,0.027859199792146683,168,5,12,17,15,2,OPTIMAL,0.005307099999981801,0.03171340003609657,174,True,1.5616528289861101e-16,1.3997830436168316e-16,7.569409920737084e-16,-76589.31857918564,2.4238207887480307e-12,1.1399956676717228e-15,OPTIMAL,-76589.31857918572,0.0035709000658243895,160,2.4249607844156994e-12,,verified original-model KKT certificate and objective comparisons passed
netlib,share2b,benchmarks/datasets/coverage/netlib/share2b.mps,2816c0a71096acc08fd88f65c960366856802c074601e5fa544f9c3eab640c96,25174,96,79,694,-415.73224074,0.0,opt,OPTIMAL,OPTIMAL,-415.7322407414191,0.0031725000000051296,0.021142099983990192,126,0,0,0,1,2,OPTIMAL,0.003205900000011752,0.025924100074917078,126,True,1.64118191138293e-16,1.8038637371154315e-16,1.6263243545759127e-15,-415.73224074141916,3.413622173608686e-12,6.836542044397749e-16,OPTIMAL,-415.73224074141945,0.0031736998353153467,99,3.4143058278131236e-12,,verified original-model KKT certificate and objective comparisons passed
netlib,shell,benchmarks/datasets/coverage/netlib/shell.mps,e21331e8282f8d8616cbee27e093e50d140ea03f9bc3fd0b6da0ccff638d2f91,182825,536,1775,3556,1208825346.0,0.0,opt,OPTIMAL,OPTIMAL,1208825346.0,0.027125100000034763,0.06466059992089868,387,299,121,170,97,5,OPTIMAL,0.04026850000002469,0.07407100009731948,562,True,0.0,0.0,0.0,1208825346.0,0.0,0.0,OPTIMAL,1208825346.0,0.014129699906334281,325,0.0,,verified original-model KKT certificate and objective comparisons passed
netlib,ship04l,benchmarks/datasets/coverage/netlib/ship04l.mps,e7c46bfd6492a400220cf1f5f093f264901fd0e8534dd8cbb060d491612dc881,279894,402,2118,6332,1793324.538,0.0,opt,OPTIMAL,OPTIMAL,1793324.537970355,0.03476249999994252,0.0773928000126034,404,8,8,62,8,2,OPTIMAL,0.026937499999917236,0.06909220013767481,409,True,4.263256414560601e-14,7.42761208980827e-17,1.4742124540597824e-18,1793324.537970356,1.6530191229676178e-11,1.298318506907746e-16,OPTIMAL,1793324.5379703562,0.009779199957847595,380,1.6530061397825488e-11,,verified original-model KKT certificate and objective comparisons passed
netlib,ship04s,benchmarks/datasets/coverage/netlib/ship04s.mps,2ed2828b251173a05004349121cd9a271a3434bf2efe4e1b70d7e0bdf2d76f94,196734,402,1458,4352,1798714.7004,0.0,opt,OPTIMAL,OPTIMAL,1798714.7004453936,0.02074300000003859,0.06350650009699166,301,104,40,182,48,2,OPTIMAL,0.02396499999997559,0.05892330012284219,409,True,3.375077994860476e-14,1.6205699105036224e-16,2.8157017037685157e-18,1798714.7004453924,2.5236036290176995e-11,3.883283606836873e-16,OPTIMAL,1798714.7004453917,0.007094300119206309,264,2.5235647961816322e-11,,verified original-model KKT certificate and objective comparisons passed
netlib,ship08l,benchmarks/datasets/coverage/netlib/ship08l.mps,58b6142628facaa1b056f32f9f47167097db66825f0c6b42c6f65e4da1b5da07,561626,778,4283,12802,1909055.2114,0.0,opt,OPTIMAL,OPTIMAL,1909055.2113891304,0.11471019999999044,0.17943000001832843,708,24,0,98,2,2,OPTIMAL,0.08444150000002537,0.1628074999898672,724,True,2.496301068212617e-16,4.1669599753756846e-17,7.441252332631698e-19,1909055.2113891316,5.693026346340578e-12,3.6588356732404215e-16,OPTIMAL,1909055.211389131,0.02063559996895492,670,5.6933922299078996e-12,,verified original-model KKT certificate and objective comparisons passed
netlib,ship08s,benchmarks/datasets/coverage/netlib/ship08s.mps,bdf5671548dde27b0d83c244914036e58081c4683786b2fd132277f577c9a7d8,322730,778,2387,7114,1920098.2105,0.0,opt,OPTIMAL,OPTIMAL,1920098.2105346208,0.04695810000009715,0.1039215000346303,430,320,64,434,76,2,OPTIMAL,0.07469099999991613,0.1364318998530507,678,True,2.36414092303976e-16,3.432832251558219e-17,7.993668020364632e-19,1920098.2105346194,1.8029992103690903e-11,6.062987881985521e-16,OPTIMAL,1920098.2105346182,0.01676020002923906,366,1.8029385804902715e-11,,verified original-model KKT certificate and objective comparisons passed
netlib,ship12l,benchmarks/datasets/coverage/netlib/ship12l.mps,87bf21f83ae0c5a87aa73ee2d8e2bd4a6a72b3c6cbdc603853dbb7b43b824911,716192,1151,5427,16170,1470187.9193,0.0,opt,OPTIMAL,OPTIMAL,1470187.9193292647,0.19252740000001722,0.2931705000810325,1000,204,0,318,28,2,OPTIMAL,0.27964429999997265,0.3876602000091225,1205,True,8.215650382226158e-15,1.6027528363336912e-17,1.1172280506937369e-17,1470187.9193292644,1.9905267358070826e-11,1.2669435823420034e-15,OPTIMAL,1470187.9193292663,0.0371246999129653,951,1.9906534301653145e-11,,verified original-model KKT certificate and objective comparisons passed
netlib,ship12s,benchmarks/datasets/coverage/netlib/ship12s.mps,43bacbc026b0b5588ed9bec06b11fadfbff8beb19b4e84881370a57cc6540e5d,380528,1151,2763,8178,1489236.1344,0.0,opt,OPTIMAL,OPTIMAL,1489236.134406129,0.06458459999998922,0.14003079989925027,582,600,96,786,128,2,OPTIMAL,0.16998200000000452,0.23663690011017025,1132,True,7.106218375862986e-15,2.962442512834464e-17,1.146549513698045e-18,1489236.1344061287,4.115242748055587e-12,2.8141618974622124e-15,OPTIMAL,1489236.1344061329,0.013449599966406822,480,4.1180569099530375e-12,,verified original-model KKT certificate and objective comparisons passed
netlib,sierra,benchmarks/datasets/coverage/netlib/sierra.mps,dbabb4bb56b9de7efbca7df842922c7c1ef620bcbee2aeb28f4bf3c5a3868cc9,416119,1227,2036,7302,15394362.184,0.0,opt,OPTIMAL,OPTIMAL,15394362.183631929,0.08806230000004689,0.14906100020743906,525,20,100,192,389,5,OPTIMAL,0.10173680000002605,0.17696770001202822,643,True,1.1368683772161603e-13,1.152663468812228e-16,1.7664312303655585e-15,15394362.18363193,2.3909393124548074e-11,1.2099527911662466e-16,OPTIMAL,15394362.183631929,0.20371310017071664,352,2.390951411982719e-11,,verified original-model KKT certificate and objective comparisons passed
netlib,stair,benchmarks/datasets/coverage/netlib/stair.mps,30a16ec0d02cf6c490495340d2a718f533d8e5d88f839693eb4bc06671bd8649,131853,356,467,3856,-251.26695119,0.0,opt,OPTIMAL,OPTIMAL,-251.26695119296346,0.05501240000000962,0.11587770003825426,393,82,45,45,806,13,OPTIMAL,0.042851100000007136,0.08989559998735785,422,True,1.6552092108020256e-14,5.4618058774476e-16,1.230777247114598e-16,-251.2669511929633,1.1793450171475515e-11,2.2622720015874454e-16,OPTIMAL,-251.26695119296335,0.02379309991374612,291,1.179367639867567e-11,,verified original-model KKT certificate and objective comparisons passed
netlib,standata,benchmarks/datasets/coverage/netlib/standata.mps,a513e8587cb8d72ac1f6fb07b33642a212f55646fb2c04521cdfd04b959c6fb1,109588,359,1075,3031,1257.6995,0.0,opt,OPTIMAL,OPTIMAL,1257.6995,0.011895499999923231,0.06973509979434311,53,24,12,46,28,2,OPTIMAL,0.009960599999999431,0.056949299992993474,67,True,5.433402717175963e-17,0.0,0.0,1257.6995,0.0,0.0,OPTIMAL,1257.6995,0.007134699961170554,34,0.0,,verified original-model KKT certificate and objective comparisons passed
netlib,standgub,benchmarks/datasets/coverage/netlib/standgub.mps,ce813a2b3750969cf58b48bd7f05dd43be240296acdde9141e09523b1f21e1cf,113767,361,1184,3139,,0.0,,OPTIMAL,OPTIMAL,1257.6995,0.010239399999932175,0.051177100045606494,53,25,12,47,28,2,OPTIMAL,0.008581100000014885,0.049425600096583366,67,True,5.433402717175963e-17,0.0,0.0,1257.6995,,0.0,OPTIMAL,1257.6995,0.005978899775072932,34,,,verified original-model KKT certificate and objective comparisons passed
netlib,standmps,benchmarks/datasets/coverage/netlib/standmps.mps,93bd6bc6251b7fee0f943e1c69a7b7e836b4b34e4c011c1a871be66a1cb7e00d,133521,467,1075,3679,1406.0175,0.0,opt,OPTIMAL,OPTIMAL,1406.0175,0.026054700000031517,0.06813730020076036,201,24,12,46,28,2,OPTIMAL,0.02123570000003383,0.06731549999676645,212,True,2.0678822892438766e-16,6.952472952642859e-18,0.0,1406.0174999999997,1.617146838095771e-16,1.617146838095771e-16,OPTIMAL,1406.0175,0.007915700087323785,163,0.0,,verified original-model KKT certificate and objective comparisons passed
netlib,stocfor1,benchmarks/datasets/coverage/netlib/stocfor1.mps,98e1cb3940233e044e3d0e50869539087acdf8f0862916f777e553afc705ba90,17050,117,111,447,-41131.976219,0.0,opt,OPTIMAL,OPTIMAL,-41131.97621943641,0.0046769000000495,0.033930499805137515,110,11,15,32,12,2,OPTIMAL,0.00334459999999126,0.03637939994223416,110,True,4.555303287444069e-15,3.373978273742587e-16,6.373055954673207e-17,-41131.97621943641,1.0610040601270716e-11,0.0,OPTIMAL,-41131.97621943641,0.0025711001362651587,53,1.0610040601270716e-11,,verified original-model KKT certificate and objective comparisons passed
netlib,stocfor2,benchmarks/datasets/coverage/netlib/stocfor2.mps,d54988bc39e9c48d13c8a3248913e9b6b77c2f8e9b9f4c3e4c76b060f6096b50,336970,2157,2031,8343,-39024.408538,0.0,opt,OPTIMAL,OPTIMAL,-39024.40853788205,0.7834636999999702,0.8543778997845948,1936,16,264,290,68,2,OPTIMAL,1.1378037000000631,1.214751300169155,2236,True,1.945865343855324e-14,2.758981518453235e-16,4.515132815984827e-17,-39024.40853788204,3.022854290895592e-12,1.6780169381448541e-15,OPTIMAL,-39024.408537882104,0.030336499912664294,821,3.021176273957452e-12,,verified original-model KKT certificate and objective comparisons passed
netlib,tuff,benchmarks/datasets/coverage/netlib/tuff.mps,768782d2ab2d7d044061f56ba54ddd53cf5ea0666a965edd33d48803098e15e2,150207,333,587,4520,0.29214776509,0.0,opt,OPTIMAL,OPTIMAL,0.2921477650936128,0.0209280999999919,0.052522300044074655,284,5,27,68,2,2,OPTIMAL,0.015310900000031324,0.06959739979356527,275,True,2.2185435780142045e-15,1.9949319973733282e-17,1.419027642373734e-17,0.29214776509361284,3.612832255583953e-12,1.6653345369377348e-16,OPTIMAL,0.292147765093613,0.009117400040850043,152,3.612998789037647e-12,,verified original-model KKT certificate and objective comparisons passed
netlib,vtpbase,benchmarks/datasets/coverage/netlib/vtpbase.mps,7c34b37d7714796bc0fe30d920f3ecf9866c018a018ee0349ceb85350581dc68,39970,198,203,908,129831.46246,0.0,opt,OPTIMAL,OPTIMAL,129831.46246136137,0.00349149999999554,0.02604659995995462,120,53,0,99,57,3,OPTIMAL,0.008654999999976098,0.03159689996391535,189,True,2.6491422471298216e-13,8.830801721404256e-17,1.5613804563907739e-16,129831.46246136131,1.0485263678699048e-11,4.483324751178117e-16,OPTIMAL,129831.46246136137,0.002460299991071224,20,1.048571201117416e-11,,verified original-model KKT certificate and objective comparisons passed
netlib,wood1p,benchmarks/datasets/coverage/netlib/wood1p.mps,af3cac48f0727f1d9e1f1ecfa6de30168678800b39e38a808b5df90a48d61330,2217625,244,2594,70215,1.4429024116,0.0,opt,OPTIMAL,OPTIMAL,1.442902411573408,0.07108840000000782,0.29018619982525706,299,0,0,1,1,2,OPTIMAL,0.0610709999999699,0.2896062999498099,357,True,2.6827840666624414e-14,4.938611213258117e-15,6.143545365545614e-17,1.4429024115734106,1.8427717035331794e-11,1.0772123062573039e-15,OPTIMAL,1.442902411573409,0.10236320015974343,138,1.8428794247638033e-11,,verified original-model KKT certificate and objective comparisons passed
netlib,woodw,benchmarks/datasets/coverage/netlib/woodw.mps,01450b5407d3bb282595e2874e78c26dd7cdde87d70d663065e58bd3e6c288b0,1219749,1098,8405,37474,1.3044763331,0.0,opt,OPTIMAL,OPTIMAL,1.3044763330842288,0.4803324000000657,0.6743348999880254,1376,0,4,4,4,2,OPTIMAL,0.5996419999999034,0.7646375000476837,1553,True,1.5840734305401158e-12,4.1683797478336445e-15,1.8108873526484186e-16,1.3044763330842324,1.2087309704470252e-11,2.3830439771954905e-15,OPTIMAL,1.3044763330842293,0.2076090001501143,793,1.2089692748447418e-11,,verified original-model KKT certificate and objective comparisons passed
