suite,instance,rows,cols,nnz,integers,reference,sovereign_status,sovereign_outcome,sovereign_time,sovereign_objective,sovereign_ref_rel_error,sovereign_primal_gap,highs_status,highs_outcome,highs_time,highs_objective,highs_ref_rel_error,highs_primal_gap
netlib,25fv47,821,1571,10400,0,5501.8458883,OPTIMAL,SOLVED,0.26422270003240556,5501.845888286768,2.4053849697318644e-12,,OPTIMAL,SOLVED,0.16890559997409582,5501.845888286757,2.4075339632447855e-12,
netlib,80bau3b,2262,9799,21002,0,987232.16072,OPTIMAL,SOLVED,0.8421815000474453,987224.1924090902,8.071364798326691e-06,,OPTIMAL,SOLVED,0.14039199997205287,987224.1924090902,8.071364798562534e-06,
netlib,adlittle,56,97,383,0,225494.96316,OPTIMAL,SOLVED,0.0009303999831900001,225494.9631623804,1.0555956320189731e-11,,OPTIMAL,SOLVED,0.002494200016371906,225494.9631623803,1.0555956320189731e-11,
netlib,afiro,27,32,83,0,-464.75314286,OPTIMAL,SOLVED,0.00025289994664490223,-464.7531428571429,6.147609340775256e-12,,OPTIMAL,SOLVED,0.0011649999069049954,-464.75314285714285,6.147609340775256e-12,
netlib,agg,488,163,2410,0,-35991767.287,OPTIMAL,SOLVED,0.007734400103799999,-35991767.28657653,1.176612271277696e-11,,OPTIMAL,SOLVED,0.004447199986316264,-35991767.2865765,1.1766536728601052e-11,
netlib,agg2,516,302,4284,0,-20239252.356,OPTIMAL,SOLVED,0.01173729996662587,-20239252.355977107,1.1308808838961246e-12,,OPTIMAL,SOLVED,0.006136899930424988,-20239252.355977118,1.1308808838961246e-12,
netlib,agg3,516,302,4300,0,10312115.935,OPTIMAL,SOLVED,0.012204800033941865,10312115.935089232,8.65184609682549e-12,,OPTIMAL,SOLVED,0.006189899984747171,10312115.935089216,8.651665469962785e-12,
netlib,bandm,305,472,2494,0,-158.62801845,OPTIMAL,SOLVED,0.01034749997779727,-158.62801845012075,7.605854105149937e-13,,OPTIMAL,SOLVED,0.01067629992030561,-158.62801845012078,7.616604428973462e-13,
netlib,beaconfd,173,262,3375,0,33592.485807,OPTIMAL,SOLVED,0.0046897000866010785,33592.4858072,5.953757755426571e-12,,OPTIMAL,SOLVED,0.004348199930973351,33592.4858072,5.953757755426571e-12,
netlib,blend,74,83,491,0,-30.812149846,OPTIMAL,SOLVED,0.0009614001028239727,-30.81214984582822,5.5756763557366165e-12,,OPTIMAL,SOLVED,0.0027094000251963735,-30.812149845828237,5.574753936834577e-12,
netlib,bnl1,643,1175,5121,0,1977.6292856,OPTIMAL,SOLVED,0.05782809993252158,1977.6295615228848,1.3952202687875651e-07,,OPTIMAL,SOLVED,0.0293192999670282,1977.6295615228878,1.3952202814345752e-07,
netlib,bnl2,2324,3489,13999,0,1811.2365404,OPTIMAL,SOLVED,0.17860210000071675,1811.2365403585454,2.2887048757835616e-11,,OPTIMAL,SOLVED,0.07328470004722476,1811.2365403585482,2.2887550898048386e-11,
netlib,boeing1,351,384,3485,0,-335.21356751,OPTIMAL,SOLVED,0.023407300002872944,-335.2135675071266,8.57195263532442e-12,,OPTIMAL,SOLVED,0.022790899965912104,-335.21356750712675,8.57178306158287e-12,
netlib,boeing2,166,143,1196,0,-315.01872802,OPTIMAL,SOLVED,0.002695299917832017,-315.0187280152029,1.5228258580282265e-11,,OPTIMAL,SOLVED,0.0065172999165952206,-315.0187280152027,1.522843902485208e-11,
netlib,bore3d,233,315,1429,0,1373.0803942,OPTIMAL,SOLVED,0.0025189999723806977,1373.0803942084926,6.185261664923329e-12,,OPTIMAL,SOLVED,0.003105600015260279,1373.0803942084926,6.1850960710685185e-12,
netlib,brandy,220,249,2148,0,1518.5098965,OPTIMAL,SOLVED,0.0047221999848261476,1518.509896488128,7.818099666838409e-12,,OPTIMAL,SOLVED,0.006174299982376397,1518.5098964881279,7.818249401572418e-12,
netlib,capri,271,353,1767,0,2690.0129138,OPTIMAL,SOLVED,0.006172399967908859,2690.01291376816,1.1836053131558681e-11,,OPTIMAL,SOLVED,0.005345699959434569,2690.0129137681593,1.183706743304821e-11,
netlib,cycle,1903,2857,20720,0,-5.2263930249,OPTIMAL,SOLVED,0.11049839993938804,-5.226393024894103,1.1285781335477328e-12,,OPTIMAL,SOLVED,0.2766518999123946,-5.226393024894102,1.1285781335477328e-12,
netlib,czprob,929,3523,10669,0,2185196.6989,OPTIMAL,SOLVED,0.09682310000061989,2185196.698856576,1.9871185693268564e-11,,OPTIMAL,SOLVED,0.033652300015091896,2185196.698856578,1.9871398791378928e-11,
netlib,d2q06c,2171,5167,32417,0,122784.23615,OPTIMAL,SOLVED,2.387320499983616,122784.21081418944,2.0634416335797605e-07,,OPTIMAL,SOLVED,1.1242296999553218,122784.2108141893,2.063441639505568e-07,
netlib,d6cube,415,6184,37704,0,315.49166667,OPTIMAL,SOLVED,0.1477689000312239,315.4916666666669,1.0565047344488266e-11,,OPTIMAL,SOLVED,0.1269863999914378,315.49166666666696,1.0564686996340495e-11,
netlib,degen2,444,534,3978,0,-1435.178,OPTIMAL,SOLVED,0.02830170001834631,-1435.1779999999999,1.584289025077252e-16,,OPTIMAL,SOLVED,0.017178099951706827,-1435.178,0.0,
netlib,degen3,1503,1818,24646,0,-987.294,OPTIMAL,SOLVED,0.5388007999863476,-987.2940000000003,0.0,,OPTIMAL,SOLVED,0.2084390000673011,-987.2940000000007,1.1514993276735807e-16,
netlib,dfl001,6071,12230,35632,0,11266400.0,OPTIMAL,SOLVED,89.16723730007652,11266396.046671208,3.508954774290757e-07,,OPTIMAL,SOLVED,9.078654600074515,11266396.04667138,3.508954599043663e-07,
netlib,e226,223,282,2578,0,-18.751929066,OPTIMAL,SOLVED,0.008116499986499548,-11.638929066370546,1.975996054839887e-11,,OPTIMAL,SOLVED,0.00926890003029257,-11.638929066370537,1.9760718382681658e-11,
netlib,etamacro,400,688,2409,0,-755.71521774,OPTIMAL,SOLVED,0.01800599996931851,-755.7152331284208,2.0362724290016296e-08,,OPTIMAL,SOLVED,0.012573299929499626,-755.7152333005275,2.0590464804228978e-08,
netlib,fffff800,524,854,6227,0,555679.61165,OPTIMAL,SOLVED,0.024785100016742945,555679.5648174963,8.427968680629381e-08,,OPTIMAL,SOLVED,0.013195400009863079,555679.5648174963,8.427968680629381e-08,
netlib,finnis,497,614,2310,0,172790.96547,OPTIMAL,SOLVED,0.025215800036676228,172791.06621246535,5.830302336105582e-07,,OPTIMAL,SOLVED,0.0068928999826312065,172791.06559561164,5.794605830403883e-07,
netlib,fit1d,24,1026,13404,0,-9146.3780924,OPTIMAL,SOLVED,0.02478880004491657,-9146.378092420928,2.2878623523918623e-12,,OPTIMAL,SOLVED,0.013411800027824938,-9146.378092420928,2.2878623523918623e-12,
netlib,fit1p,627,1677,9868,0,9146.3780924,OPTIMAL,SOLVED,0.04999809991568327,9146.378092420933,2.288061227770199e-12,,OPTIMAL,SOLVED,0.04119689995422959,9146.378092420935,2.288061227770199e-12,
netlib,fit2d,25,10500,129018,0,-68464.293294,OPTIMAL,SOLVED,1.4469209000235423,-68464.2932938321,2.4527982931808083e-12,,OPTIMAL,SOLVED,0.16416179994121194,-68464.2932938321,2.4527982931808083e-12,
netlib,fit2p,3000,13525,50284,0,68464.293232,OPTIMAL,SOLVED,2.9732739001046866,68464.29329383215,9.031286209043729e-10,,OPTIMAL,SOLVED,1.0730363000184298,68464.29329383216,9.031286209043729e-10,
netlib,forplan,161,421,4563,0,-664.21873953,OPTIMAL,SOLVED,0.00749819993507117,-664.2189612722016,3.338390113443713e-07,,OPTIMAL,SOLVED,0.007787800044752657,-664.2189612722054,3.338390176772402e-07,
netlib,ganges,1309,1681,6912,0,-109586.36356,OPTIMAL,SOLVED,0.04158750001806766,-109585.73612927827,5.7254452231609215e-06,,OPTIMAL,SOLVED,0.016292199958115816,-109585.73612927813,5.725445223824868e-06,
netlib,gfrd-pnc,616,1092,2377,0,6902235.9995,OPTIMAL,SOLVED,0.016467600013129413,6902235.999548818,7.071575764174572e-12,,OPTIMAL,SOLVED,0.008940099971368909,6902235.999548812,7.071440833613711e-12,
netlib,greenbea,2392,5405,30877,0,-72462405.908,OPTIMAL,SOLVED,1.3262830000603572,-72555248.12984857,0.0,,OPTIMAL,SOLVED,0.27200210001319647,-72555248.12984587,3.7173192093003956e-14,
netlib,greenbeb,2392,5405,30877,0,-4302147.6065,OPTIMAL,SOLVED,2.7624469998991117,-4302260.261206586,0.0,,OPTIMAL,SOLVED,0.4739677000325173,-4302260.261206586,0.0,
netlib,grow15,300,645,5620,0,-106870941.29,OPTIMAL,SOLVED,0.025003999937325716,-106870941.29357535,3.345460392629634e-11,,OPTIMAL,SOLVED,0.042029300006106496,-106870941.29357533,3.3454464494931625e-11,
netlib,grow22,440,946,8252,0,-160834336.48,OPTIMAL,SOLVED,0.11526150000281632,-160834336.48256296,1.5935464895565237e-11,,OPTIMAL,SOLVED,0.08804519998375326,-160834336.48256296,1.5935464895565237e-11,
netlib,grow7,140,301,2612,0,-47787811.815,OPTIMAL,SOLVED,0.004756700014695525,-47787811.814711496,6.037133129069691e-12,,OPTIMAL,SOLVED,0.011724699987098575,-47787811.8147115,6.037133129069691e-12,
netlib,israel,174,142,2269,0,-896644.82186,OPTIMAL,SOLVED,0.003503300016745925,-896644.8218630459,3.3967269707842745e-12,,OPTIMAL,SOLVED,0.0047345999628305435,-896644.8218630459,3.3967269707842745e-12,
netlib,kb2,43,41,286,0,-1749.9001299,OPTIMAL,SOLVED,0.0005473000928759575,-1749.900129906206,3.5465820964055057e-12,,OPTIMAL,SOLVED,0.0017716999864205718,-1749.9001299062056,3.5463222259459786e-12,
netlib,lotfi,153,308,1078,0,-25.264706062,OPTIMAL,SOLVED,0.003688500029966235,-25.264706061880002,4.74942808386618e-12,,OPTIMAL,SOLVED,0.003487000009045005,-25.264706061880002,4.749568703498567e-12,
netlib,maros,846,1443,9614,0,-58063.743701,OPTIMAL,SOLVED,0.1378201999468729,-58063.74370112586,2.1678599880381557e-12,,OPTIMAL,SOLVED,0.04707169998437166,-58063.74370112589,2.1679852978640533e-12,
netlib,maros-r7,3136,9408,144848,0,1497185.1665,OPTIMAL,SOLVED,28.342058600042947,1497185.166479693,1.356642272105534e-11,,OPTIMAL,SOLVED,0.7519853999838233,1497185.1664796423,1.3596281074305024e-11,
netlib,modszk1,687,1620,3168,0,320.61972906,OPTIMAL,SOLVED,0.024008099921047688,320.61972905477165,1.6307171235928e-11,,OPTIMAL,SOLVED,0.017332599963992834,320.61972906434596,1.3555062394646722e-11,
netlib,nesm,662,2923,13288,0,14076073.035,OPTIMAL,SOLVED,0.2349142999155447,14076036.487562776,2.5964228196716155e-06,,OPTIMAL,SOLVED,0.16659659997094423,14076036.487562705,2.596422823641427e-06,
netlib,perold,625,1376,6018,0,-9380.7580773,OPTIMAL,SOLVED,0.115046999999322,-9380.755278235372,2.983836278131858e-07,,OPTIMAL,SOLVED,0.06851810007356107,-9380.755278235187,2.9838364778554915e-07,
netlib,pilot,1441,3652,43167,0,-557.40430007,OPTIMAL,SOLVED,4.735794399981387,-557.4897292730863,2.3606512629000537e-12,,OPTIMAL,SOLVED,1.1069446000037715,-557.4897292744025,0.0,
netlib,pilot4,410,1000,5141,0,-2581.1392641,OPTIMAL,SOLVED,0.06921299989335239,-2581.139259563805,1.757439198615655e-09,,OPTIMAL,SOLVED,0.03188899997621775,-2581.1392588838853,2.0208576060843163e-09,
netlib,pilot87,2030,4883,73152,0,301.71072827,TIME_LIMIT,TIMEOUT,300.0,,,,OPTIMAL,SOLVED,13.98325150005985,301.71034733310745,1.262589817708521e-06,
netlib,pilotnov,975,2172,13057,0,-4497.2761882,OPTIMAL,SOLVED,0.29011639999225736,-4497.276188218871,4.196118890034262e-12,,OPTIMAL,SOLVED,0.313613299978897,-4497.2761882188715,4.196118890034262e-12,
netlib,recipe,91,180,663,0,-266.616,OPTIMAL,SOLVED,0.0021172999404370785,-266.61600000000004,0.0,,OPTIMAL,SOLVED,0.005204999935813248,-266.61600000000027,0.0,
netlib,sc105,105,103,280,0,-52.202061212,OPTIMAL,SOLVED,0.0014675999991595745,-52.20206121170724,5.608165869139637e-12,,OPTIMAL,SOLVED,0.0037921000039204955,-52.20206121170723,5.608301983062969e-12,
netlib,sc205,205,203,551,0,-52.202061212,OPTIMAL,SOLVED,0.003691399935632944,-52.202061211707225,5.608438096986301e-12,,OPTIMAL,SOLVED,0.004756300011649728,-52.20206121170721,5.608710324832966e-12,
netlib,sc50a,50,48,130,0,-64.575077059,OPTIMAL,SOLVED,0.000723400036804378,-64.57507705856452,6.743738478155739e-12,,OPTIMAL,SOLVED,0.0027534000109881163,-64.5750770585645,6.743958545329677e-12,
netlib,sc50b,50,48,118,0,-70.0,OPTIMAL,SOLVED,0.0007151999743655324,-69.99999999999999,2.0301221021717148e-16,,OPTIMAL,SOLVED,0.002787400037050247,-69.99999999999999,2.0301221021717148e-16,
netlib,scagr25,471,500,1554,0,-14753433.061,OPTIMAL,SOLVED,0.01505599997472018,-14753433.06076852,1.568967030746734e-11,,OPTIMAL,SOLVED,0.013114699977450073,-14753433.060768528,1.568992281075136e-11,
netlib,scagr7,129,140,420,0,-2331389.2548,OPTIMAL,SOLVED,0.0024793000193312764,-2331389.824330984,2.442881829445117e-07,,OPTIMAL,SOLVED,0.0047294000396505,-2331389.824330984,2.442881829445117e-07,
netlib,scfxm1,330,457,2589,0,18416.759028,OPTIMAL,SOLVED,0.012852100073359907,18416.759028348944,1.8946893681124045e-11,,OPTIMAL,SOLVED,0.017011100077070296,18416.759028348948,1.8947091217444167e-11,
netlib,scfxm2,660,914,5183,0,36660.261565,OPTIMAL,SOLVED,0.04814590001478791,36660.2615649988,3.2350589998085804e-14,,OPTIMAL,SOLVED,0.03984920005314052,36660.261564998815,3.2350589998085804e-14,
netlib,scfxm3,990,1371,7777,0,54901.25455,OPTIMAL,SOLVED,0.11445000011008233,54901.25454975145,4.526894006746836e-12,,OPTIMAL,SOLVED,0.05534790002275258,54901.254549751444,4.527159062898059e-12,
netlib,scorpion,388,358,1426,0,1878.1248227,OPTIMAL,SOLVED,0.005979700013995171,1878.1248227381066,2.0289754266893168e-11,,OPTIMAL,SOLVED,0.007756299921311438,1878.1248227381068,2.0289754266893168e-11,
netlib,scrs8,490,1169,3182,0,904.29998619,OPTIMAL,SOLVED,0.055498500005342066,904.2969538007917,3.3533000716040955e-06,,OPTIMAL,SOLVED,0.027940999949350953,904.296953800792,3.3533000718555317e-06,
netlib,scsd1,77,760,2388,0,8.6666666743,OPTIMAL,SOLVED,0.004960799938999116,8.666666674333364,3.8498435174929976e-12,,OPTIMAL,SOLVED,0.005284000071696937,8.666666674333364,3.84963855324248e-12,
netlib,scsd6,147,1350,4316,0,50.500000078,OPTIMAL,SOLVED,0.01366930000949651,50.500000078262346,5.195404054907176e-12,,OPTIMAL,SOLVED,0.013442500028759241,50.5000000782623,5.194137741122641e-12,
netlib,scsd8,397,2750,8584,0,904.99999993,OPTIMAL,SOLVED,0.07934429997112602,904.9999999254636,5.011642421275897e-12,,OPTIMAL,SOLVED,0.06232260004617274,904.9999999254643,5.011642421275897e-12,
netlib,sctap1,300,480,1692,0,1412.25,OPTIMAL,SOLVED,0.008732000016607344,1412.25,0.0,,OPTIMAL,SOLVED,0.010560400085523725,1412.25,0.0,
netlib,sctap2,1090,1880,6714,0,1724.8071429,OPTIMAL,SOLVED,0.05981519992928952,1724.807142857143,2.4847537020797624e-11,,OPTIMAL,SOLVED,0.02487029996700585,1724.807142857143,2.484740519523302e-11,
netlib,sctap3,1480,2480,8874,0,1424.0,OPTIMAL,SOLVED,0.10870910005178303,1424.0,0.0,,OPTIMAL,SOLVED,0.03542640001978725,1424.0,0.0,
netlib,seba,515,1028,4352,0,15711.6,OPTIMAL,SOLVED,0.020574200083501637,15711.599999999999,1.1577365790536013e-16,,OPTIMAL,SOLVED,0.01174470002297312,15711.599999999999,1.1577365790536013e-16,
netlib,share1b,117,225,1151,0,-76589.318579,OPTIMAL,SOLVED,0.0038493999745696783,-76589.31857918562,2.4238207887480307e-12,,OPTIMAL,SOLVED,0.007208999944850802,-76589.31857918572,2.424390786581865e-12,
netlib,share2b,96,79,694,0,-415.73224074,OPTIMAL,SOLVED,0.002311200019903481,-415.73224074141933,3.4140323661313486e-12,,OPTIMAL,SOLVED,0.0050760000012815,-415.73224074141945,3.4143058278131236e-12,
netlib,shell,536,1775,3556,0,1208825346.0,OPTIMAL,SOLVED,0.021916199941188097,1208825346.0,0.0,,OPTIMAL,SOLVED,0.028193200007081032,1208825346.0,0.0,
netlib,ship04l,402,2118,6332,0,1793324.538,OPTIMAL,SOLVED,0.06404009996913373,1793324.5379703564,1.6530191229676178e-11,,OPTIMAL,SOLVED,0.034812600002624094,1793324.5379703562,1.6530191229676178e-11,
netlib,ship04s,402,1458,4352,0,1798714.7004,OPTIMAL,SOLVED,0.044323999900370836,1798714.7004453917,2.5236036290176995e-11,,OPTIMAL,SOLVED,0.018329900107346475,1798714.7004453917,2.5236036290176995e-11,
netlib,ship08l,778,4283,12802,0,1909055.2114,OPTIMAL,SOLVED,0.1497305000666529,1909055.2113891302,5.693148307529685e-12,,OPTIMAL,SOLVED,0.03418620000593364,1909055.211389131,5.693026346340578e-12,
netlib,ship08s,778,2387,7114,0,1920098.2105,OPTIMAL,SOLVED,0.032945599989034235,1920098.2105346187,1.8030113363448542e-11,,OPTIMAL,SOLVED,0.0216933999909088,1920098.2105346182,1.8030234623206178e-11,
netlib,ship12l,1151,5427,16170,0,1470187.9193,OPTIMAL,SOLVED,0.12005909997969866,1470187.9193292656,1.9905425726018615e-11,,OPTIMAL,SOLVED,0.04363039997406304,1470187.9193292663,1.9905425726018615e-11,
netlib,ship12s,1151,2763,8178,0,1489236.1344,OPTIMAL,SOLVED,0.036168200080282986,1489236.1344061317,4.115399090383223e-12,,OPTIMAL,SOLVED,0.019110599998384714,1489236.1344061329,4.115399090383223e-12,
netlib,sierra,1227,2036,7302,0,15394362.184,OPTIMAL,SOLVED,0.042473700013943017,15394362.18363194,2.3909635115106303e-11,,OPTIMAL,SOLVED,0.024605099926702678,15394362.183631929,2.3909393124548074e-11,
netlib,stair,356,467,3856,0,-251.26695119,OPTIMAL,SOLVED,0.02620950003620237,-251.2669511929632,1.179311083067528e-11,,OPTIMAL,SOLVED,0.03194629994686693,-251.26695119296335,1.179367639867567e-11,
netlib,standata,359,1075,3031,0,1257.6995,OPTIMAL,SOLVED,0.006720099947415292,1257.6995,0.0,,OPTIMAL,SOLVED,0.010361599968746305,1257.6995,0.0,
netlib,standgub,361,1184,3139,0,,OPTIMAL,SOLVED,0.010054799960926175,1257.6995,,,OPTIMAL,SOLVED,0.010396600002422929,1257.6995,,
netlib,standmps,467,1075,3679,0,1406.0175,OPTIMAL,SOLVED,0.009502699947915971,1406.0175,0.0,,OPTIMAL,SOLVED,0.01019950001500547,1406.0175,0.0,
netlib,stocfor1,117,111,447,0,-41131.976219,OPTIMAL,SOLVED,0.0017524000722914934,-41131.97621943641,1.0609863708296373e-11,,OPTIMAL,SOLVED,0.003220000071451068,-41131.97621943641,1.0610040601270716e-11,
netlib,stocfor2,2157,2031,8343,0,-39024.408538,OPTIMAL,SOLVED,0.31642859999556094,-39024.40853788204,3.022854290895592e-12,,OPTIMAL,SOLVED,0.046124499989673495,-39024.408537882104,3.022854290895592e-12,
netlib,tuff,333,587,4520,0,0.29214776509,OPTIMAL,SOLVED,0.009906399995088577,0.29214776509361273,3.6127212332814906e-12,,OPTIMAL,SOLVED,0.012387000024318695,0.292147765093613,3.612998789037647e-12,
netlib,vtpbase,198,203,908,0,129831.46246,OPTIMAL,SOLVED,0.002224199939519167,129831.46246136137,1.0485599928055382e-11,,OPTIMAL,SOLVED,0.0034690999891608953,129831.46246136137,1.048571201117416e-11,
netlib,wood1p,244,2594,70215,0,1.4429024116,OPTIMAL,SOLVED,0.17307150003034621,1.4429024115734088,1.842894813511035e-11,,OPTIMAL,SOLVED,0.10737869993317872,1.442902411573409,1.8428794247638033e-11,
netlib,woodw,1098,8405,37474,0,1.3044763331,OPTIMAL,SOLVED,0.31235419993754476,1.3044763330842293,1.2089692748447418e-11,,OPTIMAL,SOLVED,0.12100659997668117,1.3044763330842293,1.2089692748447418e-11,
miplib,10teams,230,2025,12150,1800,923.9999999999997,TIME_LIMIT,TIMEOUT,300.2354749001097,,,,OPTIMAL,SOLVED,1.869944200036116,924.0000000000005,8.612639221334543e-16,
miplib,50v-10,233,2013,2745,1647,3311.1799841,FEASIBLE,TIMEOUT,300.0814060000703,3694.3299886584255,,0.10371298875159876,TIME_LIMIT,TIMEOUT,300.05961009999737,3372.3199911713587,,0.018129954224812856
miplib,air03,124,10757,91028,10757,340160.0,OPTIMAL,SOLVED,1.4450813999865204,340160.0,0.0,,OPTIMAL,SOLVED,5.426847700029612,340160.0,0.0,
miplib,air04,823,8904,72965,8904,56137.0,FEASIBLE,TIMEOUT,301.18243449996226,56364.0,,0.004027393371655667,OPTIMAL,SOLVED,81.33707250002772,56137.0,0.0,
miplib,air05,426,7195,52121,7195,26374.0,OPTIMAL,SOLVED,252.97218259994406,26374.0,0.0,,OPTIMAL,SOLVED,42.87612689996604,26374.00000000001,2.758761512923115e-16,
miplib,assign1-5-8,161,156,3720,130,211.999999999998,FEASIBLE,TIMEOUT,300.3930813999614,212.0,,9.384526698718304e-15,TIME_LIMIT,TIMEOUT,300.090569699998,211.99999999998641,,5.469838418681577e-14
miplib,b-ball,30,100,209,88,-1.50000000000001,FEASIBLE,TIMEOUT,301.07556400005706,-1.5,,6.661338147750895e-15,OPTIMAL,SOLVED,0.29220240004360676,-1.500001,6.666662155063405e-07,
miplib,beasleyC3,1750,2500,5000,1250,753.9999999999128,FEASIBLE,TIMEOUT,300.0436013999861,895.0,,0.1575418994414382,OPTIMAL,SOLVED,42.14119509991724,754.0000000000001,1.1579773391273354e-13,
miplib,binkar10_1,1026,2298,4496,170,6741.38002393972,FEASIBLE,TIMEOUT,300.8553020999534,6756.160018000006,,0.002187632326780679,OPTIMAL,WRONG,38.76000130001921,6742.200024000001,0.00012162203099316083,
miplib,blend2,274,353,1409,264,7.598985,OPTIMAL,SOLVED,11.593124200007878,7.598985000000001,1.168811913301744e-16,,OPTIMAL,SOLVED,2.2887753000250086,7.598985,1.168811913301744e-16,
miplib,cap6000,2176,6000,48243,6000,-2451377.0,FEASIBLE,TIMEOUT,300.1068513999926,-2451187.0,,7.750745805316766e-05,OPTIMAL,SOLVED,3.5973176000406966,-2451377.0,0.0,
miplib,danoint,664,521,3232,56,65.6666666666,FEASIBLE,TIMEOUT,300.01925640006084,66.375,,0.010671688638794816,TIME_LIMIT,TIMEOUT,300.0026002000086,65.6666666666652,,9.928842857870293e-13
miplib,dcmulti,290,548,1315,75,188182.0,OPTIMAL,SOLVED,3.5634170999983326,188181.99999999994,0.0,,OPTIMAL,SOLVED,1.3607979000080377,188182.0,1.5465788681560244e-16,
miplib,eil33-2,32,4516,44243,4516,934.007915999999,FEASIBLE,TIMEOUT,300.0405755999964,989.3863630000001,,0.055972518998628006,OPTIMAL,SOLVED,87.30049359996337,934.0079159999958,3.2864224873267948e-15,
miplib,enlight_hard,100,200,560,200,37.0,TIME_LIMIT,TIMEOUT,300.06637770007364,,,,OPTIMAL,SOLVED,18.214718000032008,37.0,0.0,
miplib,exp-1-500-5-5,550,990,1980,250,65887.0,FEASIBLE,TIMEOUT,300.0867373000365,119706.0,,0.4495931699330025,OPTIMAL,SOLVED,3.811045900103636,65887.0,0.0,
miplib,fiber,363,1298,2944,1254,405935.18,OPTIMAL,SOLVED,5.63392529997509,405935.18,1.433915161368064e-16,,OPTIMAL,SOLVED,0.9951738000381738,405935.17999999196,1.9788029226879282e-14,
miplib,flugpl,18,18,46,11,1201500.0,OPTIMAL,SOLVED,0.08391230006236583,1201500.0,0.0,,OPTIMAL,SOLVED,0.11205000011250377,1201500.0,0.0,
miplib,gen-ip002,24,41,922,41,-4783.733392,FEASIBLE,TIMEOUT,300.23085409996565,-4783.733391599999,,8.361657622631595e-11,TIME_LIMIT,TIMEOUT,300.01159830007236,-4769.1972544,,0.003038659642761311
miplib,gen-ip016,24,28,672,28,-9476.155197,FEASIBLE,TIMEOUT,300.3882829999784,-9452.77404112,,0.0024673673440258784,TIME_LIMIT,TIMEOUT,300.01538270001765,-9448.266024984001,,0.0029430894108646672
miplib,gen-ip021,28,35,945,35,2361.45419519,FEASIBLE,TIMEOUT,300.1535411999794,2361.4541951916,,6.774644131044763e-13,TIME_LIMIT,TIMEOUT,300.0099450999405,2364.5195968925,,0.0012964162811458723
miplib,gen-ip036,46,29,1303,29,-4606.67961,FEASIBLE,TIMEOUT,300.1492303000996,-4606.6796098376,,3.525321862860696e-11,TIME_LIMIT,TIMEOUT,300.00918730010744,-4605.3733746644,,0.00028355245994629135
miplib,gen-ip054,27,30,532,30,6840.96564179,FEASIBLE,TIMEOUT,300.40587389993016,6853.252985171001,,0.0017929213189106204,TIME_LIMIT,TIMEOUT,300.0344106000848,6858.262906057964,,0.002522105743815173
miplib,glass4,396,322,1815,302,1200012599.972384,TIME_LIMIT,TIMEOUT,300.1338287999388,,,,TIME_LIMIT,TIMEOUT,300.00951820006594,1750015600.0000005,,0.3142846269642491
miplib,gmu-35-40,424,1205,4843,1200,-2406733.3688,FEASIBLE,TIMEOUT,300.03349120006897,-2399818.1758999997,,0.0028732692161274175,TIME_LIMIT,TIMEOUT,300.0174420999829,-2406425.8629,,0.0001277689934357287
miplib,gt2,29,188,376,188,21165.99999999978,OPTIMAL,SOLVED,0.33282120001967996,21166.0,1.0312705680123915e-14,,OPTIMAL,SOLVED,0.06749599997419864,21166.0,1.0312705680123915e-14,
miplib,khb05250,101,1350,2700,24,106940225.9999999,OPTIMAL,SOLVED,5.832773500005715,106940226.0,9.75387207026602e-16,,OPTIMAL,SOLVED,0.4389895999338478,106940226.0,9.75387207026602e-16,
miplib,lotsize,1920,2985,6565,1195,1480195.0,TIME_LIMIT,TIMEOUT,300.03847789997235,,,,TIME_LIMIT,TIMEOUT,300.0208755999338,1491019.0000000002,,0.007259464835793663
miplib,markshare_4_0,4,34,123,30,1.0,FEASIBLE,TIMEOUT,300.076465500053,3.0,,0.6666666666666666,OPTIMAL,SOLVED,262.1797311999835,1.0,0.0,
miplib,markshare_5_0,5,45,203,40,1.0,FEASIBLE,TIMEOUT,300.13129879999906,11.0,,0.9090909090909091,TIME_LIMIT,TIMEOUT,300.0098424999742,8.999999999999797,,0.8888888888888864
miplib,mas74,13,151,1706,150,11801.18572,FEASIBLE,TIMEOUT,300.2351007000543,11801.18572899999,,7.626348722525213e-10,TIME_LIMIT,TIMEOUT,300.01218219997827,11874.763050801475,,0.006196109386495075
miplib,mas76,12,151,1640,150,40005.05398999999,FEASIBLE,TIMEOUT,300.04339629993774,40005.05414200005,,3.799520112187759e-09,OPTIMAL,SOLVED,122.59761159995105,40005.054141,3.774523262259455e-09,
miplib,mcsched,2107,1747,8088,1745,211913.0,FEASIBLE,TIMEOUT,300.14113899995573,212949.0,,0.004865014627915604,TIME_LIMIT,TIMEOUT,300.028679799987,211939.00000000003,,0.00012267680794959446
miplib,mik-250-20-75-4,195,270,9270,250,-52301.0,FEASIBLE,TIMEOUT,300.0398510999512,-52301.0,,0.0,OPTIMAL,SOLVED,24.20773659995757,-52301.00000000043,8.207902319971293e-15,
miplib,misc07,212,260,8619,259,2810.0,OPTIMAL,SOLVED,208.75765740009956,2810.0,0.0,,OPTIMAL,SOLVED,45.54547949996777,2809.999999999964,1.2784712000010912e-14,
miplib,mod010,146,2655,11203,2655,6548.0,OPTIMAL,SOLVED,3.6725431999657303,6548.0,0.0,,OPTIMAL,SOLVED,0.704937000060454,6548.0,0.0,
miplib,mod011,4480,10958,22254,96,-54558535.59,FEASIBLE,TIMEOUT,300.0710497999098,-54180041.67639844,,0.0069373913633939575,OPTIMAL,SOLVED,89.25253019994125,-54558535.01422734,1.0553300769756123e-08,
miplib,neos-2657525-crna,342,524,1690,524,1.810748,TIME_LIMIT,TIMEOUT,302.28250550001394,,,,TIME_LIMIT,TIMEOUT,300.010267799953,1.8107479999999974,,1.4715108116095535e-15
miplib,neos-3754480-nidda,402,253,1488,50,12939.7540104743,FEASIBLE,TIMEOUT,300.09821910003666,13750.76110026613,,0.05897906914957124,TIME_LIMIT,TIMEOUT,300.00770600000396,13791.102321286682,,0.06173170867549982
miplib,neos-911970,107,888,3408,840,54.76,FEASIBLE,TIMEOUT,300.0639359999914,79.07,,0.3074490957379537,OPTIMAL,SOLVED,38.61194980004802,54.7600000000002,3.633162271965437e-15,
miplib,neos17,486,535,4931,300,0.1500025774,FEASIBLE,TIMEOUT,300.0261943000369,0.15505153846153893,,0.0050489610615384595,OPTIMAL,SOLVED,12.74153900006786,0.15000257742257742,2.2577412162050337e-11,
miplib,neos5,63,63,2016,53,15.0,FEASIBLE,TIMEOUT,300.1847942000022,15.0,,0.0,OPTIMAL,SOLVED,163.15874470002018,14.999999999982984,1.134381477641e-12,
miplib,noswot,182,128,735,100,-41.00000885,FEASIBLE,TIMEOUT,300.2725253999233,-41.0,,2.1585361195338536e-07,OPTIMAL,SOLVED,208.79564670007676,-41.00000000000003,2.158536112601731e-07,
miplib,p0201,133,201,1923,201,7614.999999999997,OPTIMAL,SOLVED,2.1420581999700516,7615.0,3.583038877634648e-16,,OPTIMAL,SOLVED,0.9741399000631645,7614.999999997075,3.8374346379467096e-13,
miplib,p200x1188c,1388,2376,4752,1188,15078.0,FEASIBLE,TIMEOUT,300.0433730999939,15218.0,,0.00919963201471941,OPTIMAL,SOLVED,1.2636364999925718,15078.0,0.0,
miplib,pg,125,2700,5200,100,-8674.34260712,FEASIBLE,TIMEOUT,300.0258163999533,-7929.202522120506,,0.08590162030121729,OPTIMAL,SOLVED,8.05964460002724,-8674.342607117029,3.424362894719235e-13,
miplib,pg5_34,225,2600,7700,100,-14339.35345,FEASIBLE,TIMEOUT,300.0329440999776,-14186.390886793131,,0.010667326371460003,TIME_LIMIT,TIMEOUT,300.00994759995956,-14323.97413417293,,0.0010725250535665518
miplib,pk1,45,86,915,55,11.0,OPTIMAL,SOLVED,286.77054709999356,11.0,0.0,,TIME_LIMIT,TIMEOUT,300.0089034999255,14.0,,0.21428571428571427
miplib,qiu,1192,840,3432,48,-132.87313695,OPTIMAL,SOLVED,183.35430200002156,-132.87313694699984,2.2579827343289856e-11,,OPTIMAL,SOLVED,92.97185950004496,-132.87313694700893,2.2511165091938083e-11,
miplib,qnet1,503,1541,4622,1417,16029.69268099998,FEASIBLE,TIMEOUT,300.3061182999518,16029.692681,,1.2482387427627329e-15,OPTIMAL,SOLVED,0.9509155999403447,16029.692681,1.2482387427627329e-15,
miplib,qnet1_o,456,1541,4214,1417,16029.692681,OPTIMAL,SOLVED,76.97221489995718,16029.692681,0.0,,OPTIMAL,SOLVED,0.9282936999807134,16029.692680999662,2.110658237762439e-14,
miplib,r50x360,410,720,1440,360,1653.0,FEASIBLE,TIMEOUT,300.0552797000855,1853.0,,0.10793308148947653,OPTIMAL,SOLVED,71.39184549998026,1652.9999999999998,0.0,
miplib,ran14x18-disj-8,447,504,10277,252,3712.0,FEASIBLE,TIMEOUT,300.05149620003067,3809.0000000145806,,0.02546600157894692,TIME_LIMIT,TIMEOUT,300.007060599979,3735.9999982163163,,0.006423982395014742
miplib,rentacar,6803,9557,41842,55,30356760.98379315,OPTIMAL,SOLVED,54.004855199949816,30356760.984615307,2.708155324450172e-11,,OPTIMAL,SOLVED,8.690215299953707,30356760.984145913,1.1620685256806096e-11,
miplib,roll3000,2295,1166,29386,738,12889.999992,TIME_LIMIT,TIMEOUT,300.1028897999786,,,,OPTIMAL,SOLVED,63.085154300089926,12890.00000000079,6.206974655312096e-10,
miplib,rout,291,556,2431,315,1077.559999999999,FEASIBLE,TIMEOUT,300.06199509999715,1081.9,,0.0040114613180525505,OPTIMAL,SOLVED,37.643731600022875,1077.5600000000006,1.4770553176645602e-15,
miplib,sp150x300d,450,600,1200,300,69.0,FEASIBLE,TIMEOUT,300.02899509994313,69.0,,0.0,OPTIMAL,SOLVED,0.09637600008863956,69.0,0.0,
miplib,supportcase26,870,436,2492,396,1745.123813,FEASIBLE,TIMEOUT,300.12621389993,1814.9292132342287,,0.03846177565781513,TIME_LIMIT,TIMEOUT,300.0296640000306,1768.264085596769,,0.013086434761219127
miplib,swath,884,6805,34965,6724,467.407491,TIME_LIMIT,TIMEOUT,300.10914930002764,,,,TIME_LIMIT,TIMEOUT,300.0580628999742,495.40865100000633,,0.05652133838091975
miplib,tr12-30,750,1080,2508,360,130595.9999999999,TIME_LIMIT,TIMEOUT,300.038037899998,,,,TIME_LIMIT,TIMEOUT,300.00592550006695,130595.99999999997,,4.457078387811834e-16
miplib,uct-subprob,1973,2256,10147,379,314.0,FEASIBLE,TIMEOUT,300.0205237000482,333.0,,0.057057057057057055,TIME_LIMIT,TIMEOUT,300.0297699000221,321.0,,0.021806853582554516
miplib,unitcal_7,48939,25755,127595,2856,19635558.244,TIME_LIMIT,TIMEOUT,308.61064550001174,,,,OPTIMAL,SOLVED,273.73261829989497,19635558.2736195,1.5084623328893065e-09,
infeasible,bnatt500,7029,4500,27203,4500,,TIME_LIMIT,TIMEOUT,301.03305089997593,,,,TIME_LIMIT,TIMEOUT,300.03331169998273,,,
infeasible,dell,500,626,4580,105,,INFEASIBLE,SOLVED,0.1925442999927327,,,,INFEASIBLE,SOLVED,0.04073549993336201,,,
infeasible,enlight4,16,32,80,32,,INFEASIBLE,SOLVED,0.07861329999286681,,,,INFEASIBLE,SOLVED,0.15262119995895773,,,
infeasible,fhnw-binpack4-18,650,520,2392,481,,TIME_LIMIT,TIMEOUT,300.05410470010247,,,,TIME_LIMIT,TIMEOUT,300.0073826999869,,,
infeasible,fhnw-binpack4-4,620,520,2332,481,,TIME_LIMIT,TIMEOUT,300.0658942000009,,,,TIME_LIMIT,TIMEOUT,300.0084227999905,,,
infeasible,fhnw-sq3,167,2450,7372,2450,,TIME_LIMIT,TIMEOUT,300.0,,,,TIME_LIMIT,TIMEOUT,300.04018500004895,,,
infeasible,flugplinf,19,18,64,11,,INFEASIBLE,SOLVED,0.08412280003540218,,,,INFEASIBLE,SOLVED,0.04927359998691827,,,
infeasible,g503inf,41,48,144,24,,INFEASIBLE,SOLVED,0.0013554999604821205,,,,INFEASIBLE,SOLVED,0.0015007000183686614,,,
infeasible,misc04inf,1726,4897,17253,30,,INFEASIBLE,SOLVED,0.4310267000691965,,,,INFEASIBLE,SOLVED,0.6179834000067785,,,
infeasible,misc05inf,301,136,2946,74,,INFEASIBLE,SOLVED,0.27267980005126446,,,,INFEASIBLE,SOLVED,0.04846780002117157,,,
infeasible,mod008inf,7,319,1562,319,,INFEASIBLE,SOLVED,0.03885680006351322,,,,INFEASIBLE,SOLVED,0.07299250003416091,,,
infeasible,neos-2626858-aoos,342,524,1690,524,,TIME_LIMIT,TIMEOUT,300.0,,,,TIME_LIMIT,TIMEOUT,300.0070759000955,,,
infeasible,neos-2656603-coxs,342,524,1690,524,,TIME_LIMIT,TIMEOUT,303.6739877000218,,,,INFEASIBLE,SOLVED,53.01663179998286,,,
infeasible,neos-3135526-osun,1546,192,25750,170,,TIME_LIMIT,TIMEOUT,300.0,,,,INFEASIBLE,SOLVED,0.08847489999607205,,,
infeasible,neos-3211096-shag,10187,4379,31705,4379,,TIME_LIMIT,TIMEOUT,300.3758368999697,,,,TIME_LIMIT,TIMEOUT,300.0120698000537,,,
infeasible,neos-4382714-ruvuma,3645,6562,32805,6561,,TIME_LIMIT,TIMEOUT,300.0,,,,TIME_LIMIT,TIMEOUT,300.0109040000243,,,
infeasible,neos859080,164,160,1280,160,,INFEASIBLE,SOLVED,0.3471089000813663,,,,INFEASIBLE,SOLVED,1.5137947000330314,,,
infeasible,no-ip-64999,2547,2232,13590,2232,,TIME_LIMIT,TIMEOUT,300.0242346000159,,,,TIME_LIMIT,TIMEOUT,300.0141541999765,,,
infeasible,no-ip-65059,2547,2232,13590,2232,,TIME_LIMIT,TIMEOUT,300.1136720000068,,,,TIME_LIMIT,TIMEOUT,300.01188879995607,,,
infeasible,ponderthis0517-inf,78,975,2925,975,,TIME_LIMIT,TIMEOUT,300.02419229992665,,,,TIME_LIMIT,TIMEOUT,300.0125826000003,,,
infeasible,pythago7825,14672,3745,44016,3745,,TIME_LIMIT,TIMEOUT,300.0,,,,TIME_LIMIT,TIMEOUT,300.0064015000826,,,
infeasible,stein15inf,37,15,135,15,,INFEASIBLE,SOLVED,0.015229700016789138,,,,INFEASIBLE,SOLVED,0.09577310003805906,,,
infeasible,stein45inf,332,45,1079,45,,INFEASIBLE,SOLVED,0.7638895999407396,,,,INFEASIBLE,SOLVED,1.1631454000016674,,,
infeasible,stein9inf,14,9,54,9,,INFEASIBLE,SOLVED,0.003373199957422912,,,,INFEASIBLE,SOLVED,0.015301100094802678,,,
infeasible,p2m2p1m1p0n100,1,100,100,100,,TIME_LIMIT,TIMEOUT,300.14051209995523,,,,TIME_LIMIT,TIMEOUT,300.0366129000904,,,
infeasible,enlight11,121,242,682,242,,TIME_LIMIT,TIMEOUT,300.07177699997555,,,,INFEASIBLE,SOLVED,92.74036339996383,,,
infeasible,enlight9,81,162,450,162,,TIME_LIMIT,TIMEOUT,300.1263851999538,,,,INFEASIBLE,SOLVED,12.593541799928062,,,
infeasible,control30-5-10-4,3640,1960,23260,150,,NUMERICAL_ERROR,FAILED,4.118772199959494,,,,TIME_LIMIT,TIMEOUT,300.05106290010735,,,
qp,AUG2D,10000,20200,40000,0,1687411.8,OPTIMAL,SOLVED,0.14136300003156066,1687411.7528967483,2.791450344629887e-08,,TIME_LIMIT,TIMEOUT,300.0,,,
qp,AUG2DC,10000,20200,40000,0,1818368.1,OPTIMAL,SOLVED,0.1024426999501884,1818368.0655702006,1.893444866143549e-08,,TIME_LIMIT,TIMEOUT,300.0,,,
qp,AUG2DCQP,10000,20200,40000,0,6498134.8,OPTIMAL,SOLVED,0.22190450003836304,6498134.740624219,9.137354759007635e-09,,TIME_LIMIT,TIMEOUT,300.0596187999472,32707711.77322551,,0.8013271351706304
qp,AUG2DQP,10000,20200,40000,0,6237012.1,OPTIMAL,SOLVED,0.24205340002663434,6237012.030211371,1.1189428548560362e-08,,TIME_LIMIT,TIMEOUT,300.03860849991906,32560047.5785326,,0.8084458542341889
qp,AUG3D,1000,3873,6546,0,554.06773,OPTIMAL,SOLVED,0.021348200039938092,554.0677257925248,7.593786187306617e-09,,OPTIMAL,SOLVED,32.40487770002801,554.0677257925397,7.593753767948139e-09,
qp,AUG3DC,1000,3873,6546,0,771.26244,OPTIMAL,SOLVED,0.02141779998783022,771.2624386889505,1.6998638752318665e-09,,OPTIMAL,SOLVED,32.035514699993655,771.2624386889654,1.699843238731947e-09,
qp,AUG3DCQP,1000,3873,6546,0,993.36215,OPTIMAL,SOLVED,0.057150700013153255,993.3621470861879,2.9332762355833463e-09,,OPTIMAL,SOLVED,141.89554950001184,993.3621465250958,3.4981091642673628e-09,
qp,AUG3DQP,1000,3873,6546,0,675.23767,OPTIMAL,SOLVED,0.050141500076279044,675.2376723304711,3.451328379175811e-09,,OPTIMAL,SOLVED,35.67721100000199,675.237671274926,1.8881212300148613e-09,
qp,BOYD1,18,93261,558985,0,-61735220.0,OPTIMAL,SOLVED,2.4886100000003353,-61735219.59340184,6.586168125104666e-09,,TIME_LIMIT,TIMEOUT,300.0661890999181,753678007.8433545,,1.0819119297067767
qp,BOYD2,186531,93263,423784,0,21.256767,OPTIMAL,SOLVED,13.181812399998307,21.256767003996224,1.879978901910773e-10,,TIME_LIMIT,TIMEOUT,331.16099959996063,24215.83014368819,,0.9991221954038384
qp,CONT-050,2401,2597,12005,0,-4.5638509,OPTIMAL,SOLVED,0.148102100007236,-4.563850904262637,9.339987712946187e-10,,OPTIMAL,SOLVED,1.6200918999966234,-4.5638508683144785,6.942713515776138e-09,
qp,CONT-100,9801,10197,49005,0,-4.6443979,OPTIMAL,SOLVED,0.9154933999525383,-4.6443978687574985,6.726914053502396e-09,,OPTIMAL,SOLVED,55.56344880000688,-4.644397375958134,1.1283310571991014e-07,
qp,CONT-101,10098,10197,49599,0,0.19552733,OPTIMAL,SOLVED,0.911893600015901,0.19552732468101877,5.318981255442168e-09,,TIME_LIMIT,TIMEOUT,310.2666173999896,0.3271809648596826,,0.13165363485968384
qp,CONT-200,39601,40397,198005,0,-4.6848759,OPTIMAL,SOLVED,13.88138939999044,-4.684875920350697,4.3439336990336846e-09,,TIME_LIMIT,TIMEOUT,303.22054440004285,0.0,,
qp,CONT-201,40198,40397,199199,0,0.19248337,OPTIMAL,SOLVED,32.039459499996156,0.19248337302854654,3.028548023475963e-09,,TIME_LIMIT,TIMEOUT,300.2631916999817,0.0,,
qp,CONT-300,90298,90597,448799,0,0.19151232,OPTIMAL,SOLVED,197.49023389990907,0.19151228607592974,3.3924074049895836e-08,,TIME_LIMIT,TIMEOUT,300.25497649994213,0.0,,
qp,CVXQP1_L,5000,10000,14998,0,108704800.0,TIME_LIMIT,TIMEOUT,300.0,,,,OPTIMAL,SOLVED,31.186333799967542,108704799.91529542,7.792151672346493e-10,
qp,CVXQP1_M,500,1000,1498,0,1087511.6,OPTIMAL,SOLVED,0.09630480001214892,1087511.5678336108,2.9577975638236173e-08,,OPTIMAL,SOLVED,0.08649989997502416,1087511.567321501,3.004887407118809e-08,
qp,CVXQP1_S,50,100,148,0,11590.718,OPTIMAL,SOLVED,0.0017987999599426985,11590.718119660422,1.0323813767051653e-08,,OPTIMAL,SOLVED,0.002377500059083104,11590.718119426765,1.0303654995089988e-08,
qp,CVXQP2_L,2500,10000,7499,0,81842458.0,OPTIMAL,SOLVED,79.82061529997736,81842458.61428182,7.505658013542448e-09,,OPTIMAL,SOLVED,298.6932047000155,81842458.2628411,3.2115509510513743e-09,
qp,CVXQP2_M,250,1000,749,0,820155.43,OPTIMAL,SOLVED,0.06543560000136495,820155.4312552001,1.530440348357853e-09,,OPTIMAL,SOLVED,0.07064639998134226,820155.4310157005,1.2384220098044442e-09,
qp,CVXQP2_S,25,100,74,0,8120.9405,OPTIMAL,SOLVED,0.0012904000468552113,8120.94047731572,2.793306152486046e-09,,OPTIMAL,SOLVED,0.0034075999865308404,8120.940477250686,2.8013143786447003e-09,
qp,CVXQP3_L,7500,10000,22497,0,115711100.0,TIME_LIMIT,TIMEOUT,300.0,,,,OPTIMAL,SOLVED,53.080396500066854,115711104.26843122,3.6888692684047656e-08,
qp,CVXQP3_M,750,1000,2247,0,1362828.7,OPTIMAL,SOLVED,0.15123449999373406,1362828.7416847125,3.058690616762319e-08,,OPTIMAL,SOLVED,0.15886319999117404,1362828.741602146,3.052631851727655e-08,
qp,CVXQP3_S,75,100,222,0,11943.432,OPTIMAL,SOLVED,0.002257700078189373,11943.4322024744,1.6952782012783437e-08,,OPTIMAL,SOLVED,0.003457200014963746,11943.432202309958,1.6939013448398855e-08,
qp,DPKLO1,77,133,1575,0,0.37009622,OPTIMAL,SOLVED,0.002471799962222576,0.37009621711427054,2.8857294886996954e-09,,OPTIMAL,SOLVED,0.0035869000712409616,0.37009621711431756,2.8856824707546025e-09,
qp,DTOC3,9998,14999,34993,0,235.26248,OPTIMAL,SOLVED,0.08587860001716763,235.2624810340199,4.395175541997793e-09,,TIME_LIMIT,TIMEOUT,350.907310300041,235.82130605717194,,0.0023697013069554247
qp,DUAL1,1,85,85,0,0.035012966,OPTIMAL,SOLVED,0.0053539000218734145,0.03501297068760941,4.687609411746507e-09,,OPTIMAL,SOLVED,0.0056365999625995755,0.03501296573346879,2.665308598825966e-10,
qp,DUAL2,1,96,96,0,0.033733676,OPTIMAL,SOLVED,0.012134999968111515,0.03373367612374377,1.2374385544022815e-10,,OPTIMAL,SOLVED,0.004104999941773713,0.033733676122721684,1.227219090238485e-10,
qp,DUAL3,1,111,111,0,0.13575584,OPTIMAL,SOLVED,0.009904099977575243,0.13575583842927486,1.5707234124473501e-09,,OPTIMAL,SOLVED,0.004843799979425967,0.13575583686602136,3.13397871543053e-09,
qp,DUAL4,1,75,75,0,0.74609084,OPTIMAL,SOLVED,0.005407199962064624,0.746090841808233,1.808231897548751e-09,,OPTIMAL,SOLVED,0.0030146000208333135,0.746090841802102,1.8021021341851906e-09,
qp,DUALC1,215,9,1935,0,6155.2508,OPTIMAL,SOLVED,0.002060099970549345,6155.250829512291,4.794652991516827e-09,,OPTIMAL,SOLVED,0.002370000001974404,6155.250829462689,4.786594354642967e-09,
qp,DUALC2,229,7,1603,0,3551.3077,OPTIMAL,SOLVED,0.001616199966520071,3551.3076926749786,2.062626327934895e-09,,OPTIMAL,SOLVED,0.002281300025060773,3551.3076926706426,2.0638474191791297e-09,
qp,DUALC5,278,8,2224,0,427.23233,OPTIMAL,SOLVED,0.0027742000529542565,427.232326783436,7.528840563083589e-09,,OPTIMAL,SOLVED,0.003639300004579127,427.23232677638975,7.545333087588298e-09,
qp,DUALC8,503,8,4024,0,18309.359,OPTIMAL,SOLVED,0.00520500005222857,18309.35883275427,9.134440339184357e-09,,OPTIMAL,SOLVED,0.003447700059041381,18309.358832734193,9.135537334496642e-09,
qp,EXDATA,3001,3000,7500,0,-141.84343,OPTIMAL,SOLVED,27.648500199895352,-141.84343183361253,1.2927041471418513e-08,,OPTIMAL,SOLVED,5.696882700081915,-141.84343216503945,1.5263567018632876e-08,
qp,GENHS28,8,10,24,0,0.92717369,OPTIMAL,SOLVED,0.00021089997608214617,0.9271736937663909,3.766390976878142e-09,,OPTIMAL,SOLVED,0.0011297001037746668,0.9271736937663909,3.766390976878142e-09,
qp,GOULDQP2,349,699,1047,0,0.00018427534,OPTIMAL,SOLVED,0.007525400025770068,0.00018427463121429338,7.087857034420667e-10,,OPTIMAL,SOLVED,0.20280410000123084,0.00018820251727912074,3.927177279152409e-06,
qp,GOULDQP3,349,699,1047,0,2.062784,OPTIMAL,SOLVED,0.0072469000006094575,2.0627839714524736,1.3820779770687202e-08,,OPTIMAL,SOLVED,0.05295809998642653,2.062783971803583,1.3683216968690892e-08,
qp,HS118,17,15,39,0,664.82045,OPTIMAL,SOLVED,0.0039478999096900225,664.82045000566,8.51325426148481e-12,,OPTIMAL,SOLVED,0.0017293000128120184,664.8204499999999,1.7100382174106712e-16,
qp,HS21,1,2,2,0,-99.96,OPTIMAL,SOLVED,0.000749099999666214,-99.95999999735564,2.645414011009193e-11,,OPTIMAL,SOLVED,0.002087100059725344,-99.96,0.0,
qp,HS268,5,5,25,0,5.7310705e-07,OPTIMAL,SOLVED,0.0005317999748513103,1.3133103493601084e-09,5.717955586400435e-07,,OPTIMAL,SOLVED,0.0014151999494060874,3.637978807091713e-12,5.731052310105965e-07,
qp,HS35,1,3,3,0,0.11111111,OPTIMAL,SOLVED,0.0005011999746784568,0.11111111161284892,1.6128498120382417e-09,,OPTIMAL,SOLVED,0.0010609999299049377,0.11111111111111605,1.1111142700359622e-09,
qp,HS35MOD,1,3,3,0,0.25,OPTIMAL,SOLVED,0.0005711999256163836,0.2500000023224658,2.322463998893909e-09,,OPTIMAL,SOLVED,0.002118100062943995,0.25000000000000266,3.552713678800501e-15,
qp,HS51,3,5,7,0,8.8817842e-16,OPTIMAL,SOLVED,0.00017010001465678215,0.0,8.8817842e-16,,OPTIMAL,SOLVED,0.0016589999431744218,0.0,8.8817842e-16,
qp,HS52,3,5,7,0,5.3266476,OPTIMAL,SOLVED,0.00022980000358074903,5.326647564469914,6.670252867589144e-09,,OPTIMAL,SOLVED,0.0011172998929396272,5.326647564469916,6.670252700846666e-09,
qp,HS53,3,5,7,0,4.0930233,OPTIMAL,SOLVED,0.00030200008768588305,4.093023255814768,1.0795255083319347e-08,,OPTIMAL,SOLVED,0.0015101999742910266,4.093023255813954,1.0795454287606625e-08,
qp,HS76,3,4,10,0,-4.6818182,OPTIMAL,SOLVED,0.0004741000011563301,-4.681818180299296,4.207917191431498e-09,,OPTIMAL,SOLVED,0.0021385999862104654,-4.68181818181818,3.883495624333189e-09,
qp,HUES-MOD,2,10000,20000,0,34824690.0,OPTIMAL,SOLVED,0.061638199957087636,34824463.88178482,6.493043157423031e-06,,TIME_LIMIT,TIMEOUT,300.1184410999995,50552909.90660318,,0.31112392809159967
qp,HUESTIS,2,10000,20000,0,348246900000.0,OPTIMAL,SOLVED,0.044365799985826015,348244639289.5305,6.491688707289608e-06,,TIME_LIMIT,TIMEOUT,300.1714097999502,485948951725.864,,0.2833673192149328
qp,KSIP,1000,20,19897,0,0.57579794,OPTIMAL,SOLVED,0.01972179999575019,0.5757979412443616,1.2443615027279975e-09,,NOT_SET,FAILED,0.027159999939613044,,,
qp,LASER,1000,1002,3000,0,2409601.4,OPTIMAL,SOLVED,0.01999429997522384,2409601.3576086327,1.759269021919214e-08,,NOT_SET,FAILED,0.028607600019313395,,,
qp,LISWET1,10000,10002,30000,0,36.122402,NUMERICAL_ERROR,FAILED,23.29882260004524,,,,OPTIMAL,SOLVED,1.0964072999777272,36.12240208496996,2.352467666566251e-09,
qp,LISWET10,10000,10002,30000,0,49.485785,NUMERICAL_ERROR,FAILED,24.26970750000328,,,,OPTIMAL,SOLVED,1.3813373999437317,49.48578467773723,6.5122658986743846e-09,
qp,LISWET11,10000,10002,30000,0,49.523957,NUMERICAL_ERROR,FAILED,26.680428500054404,,,,OPTIMAL,SOLVED,1.6942703999811783,49.52395713717988,2.770162809994747e-09,
qp,LISWET12,10000,10002,30000,0,1736.9274,NUMERICAL_ERROR,FAILED,23.716261100023985,,,,OPTIMAL,SOLVED,1.1469219999853522,1736.9274261146243,1.503495180534521e-08,
qp,LISWET2,10000,10002,30000,0,24.998076,OPTIMAL,SOLVED,0.15299139998387545,24.998025782196294,2.008866725668002e-06,,OPTIMAL,SOLVED,1.0367580000311136,24.998076102899404,4.116183736246542e-09,
qp,LISWET3,10000,10002,30000,0,25.00122,OPTIMAL,SOLVED,0.1644668000517413,25.001220094509197,3.780193478490349e-09,,OPTIMAL,SOLVED,2.1121345000574365,25.00122000204044,8.128169609193769e-11,
qp,LISWET4,10000,10002,30000,0,25.000112,OPTIMAL,SOLVED,0.19739370001479983,25.00011218816127,7.526387311506001e-09,,OPTIMAL,SOLVED,2.1013698999304324,25.000112086482204,3.4591498185559333e-09,
qp,LISWET5,10000,10002,30000,0,25.034253,OPTIMAL,SOLVED,0.14411700004711747,25.034253440238878,1.7583281679515353e-08,,OPTIMAL,SOLVED,8.102387599996291,25.03425340173635,1.6047030860855596e-08,
qp,LISWET6,10000,10002,30000,0,24.995748,OPTIMAL,SOLVED,0.33724529994651675,24.995747651314993,1.3949462691835805e-08,,OPTIMAL,SOLVED,4.624520499957725,24.995747557296,1.7711008566541515e-08,
qp,LISWET7,10000,10002,30000,0,498.84089,NUMERICAL_ERROR,FAILED,25.340667100041173,,,,OPTIMAL,SOLVED,1.2435063000302762,498.8408907861492,1.5759239981623173e-09,
qp,LISWET8,10000,10002,30000,0,7144.7006,NUMERICAL_ERROR,FAILED,24.19229510007426,,,,OPTIMAL,SOLVED,1.2646034000208601,714.4700590423479,0.0,
qp,LISWET9,10000,10002,30000,0,1963.2513,NUMERICAL_ERROR,FAILED,24.538641400053166,,,,OPTIMAL,SOLVED,1.2015074000228196,1963.251260893187,1.9919415486420477e-08,
qp,LOTSCHD,7,12,54,0,2398.4159,OPTIMAL,SOLVED,0.00026809994596987963,2398.415904559831,1.9011845524606055e-09,,OPTIMAL,SOLVED,0.0011341000208631158,2398.4158914488967,3.565312960158573e-09,
qp,MOSARQP1,700,2500,3422,0,-952.87544,OPTIMAL,SOLVED,0.022700799978338182,-952.875442916236,3.060457077788734e-09,,SOLVE_ERROR,FAILED,10.213202400016598,,,
qp,MOSARQP2,600,900,2930,0,-1597.4821,OPTIMAL,SOLVED,0.014454199932515621,-1597.4821161765735,1.0126298562753624e-08,,TIME_LIMIT,TIMEOUT,300.0019662999548,-1439.0196115172562,,
qp,POWELL20,10000,10000,20000,0,52089583000.0,OPTIMAL,SOLVED,0.28812899999320507,52089582482.63617,9.932194625992177e-09,,OPTIMAL,SOLVED,0.7071382000576705,52089582812.5007,3.5995663172666523e-09,
qp,PRIMAL1,85,325,5815,0,-0.035012965,OPTIMAL,SOLVED,0.008363900007680058,-0.035012964863424,1.3657602132566282e-10,,OPTIMAL,SOLVED,0.023199500050395727,-0.0350129657334774,7.334773968747932e-10,
qp,PRIMAL2,96,649,8042,0,-0.033733676,OPTIMAL,SOLVED,0.011341399978846312,-0.03373367487273074,1.127269257106267e-09,,OPTIMAL,SOLVED,0.05745240009855479,-0.03373367612271824,1.2271824528786723e-10,
qp,PRIMAL3,111,745,21547,0,-0.13575584,OPTIMAL,SOLVED,0.028058200026862323,-0.13575583591861723,4.081382787290977e-09,,OPTIMAL,SOLVED,0.17843319999519736,-0.1357558368660213,3.1339786876749542e-09,
qp,PRIMAL4,75,1489,16031,0,-0.74609083,OPTIMAL,SOLVED,0.019686599960550666,-0.7460908407472324,1.0747233103458598e-08,,OPTIMAL,SOLVED,1.308782200096175,-0.7460908418020974,1.180209752149608e-08,
qp,PRIMALC1,9,230,2070,0,-6155.2508,OPTIMAL,SOLVED,0.0028425001073628664,-6155.2508267997055,4.353958043375188e-09,,OPTIMAL,SOLVED,0.003083599964156747,-6155.247234107037,5.793253725416159e-07,
qp,PRIMALC2,7,231,1617,0,-3551.3077,OPTIMAL,SOLVED,0.0017717999871820211,-3551.307692643997,2.0713504204757625e-09,,OPTIMAL,SOLVED,0.0024751999881118536,-3551.307579670485,3.3883156514346056e-08,
qp,PRIMALC5,8,287,2296,0,-427.23233,OPTIMAL,SOLVED,0.0024355000350624323,-427.2323267565748,7.591712849377045e-09,,OPTIMAL,SOLVED,0.003093999926932156,-427.23232674030066,7.62980490372371e-09,
qp,PRIMALC8,8,520,4160,0,-18309.43,OPTIMAL,SOLVED,0.005497300066053867,-18309.429789595677,1.1491582187953091e-08,,OPTIMAL,SOLVED,0.005358700058422983,-18309.266838114298,8.911358010946194e-06,
qp,Q25FV47,780,1571,10360,0,13744448.0,OPTIMAL,SOLVED,0.40546160005033016,13744447.89399516,7.712477938603148e-09,,TIME_LIMIT,TIMEOUT,300.0032857999904,42682396.317360274,,
qp,QADLITTL,53,97,380,0,480318.86,OPTIMAL,SOLVED,0.02901419997215271,480318.8585667872,2.9838772995638845e-09,,OPTIMAL,SOLVED,0.004538799985311925,480318.858544779,3.0296976423233653e-09,
qp,QAFIRO,25,32,81,0,-1.5907818,OPTIMAL,SOLVED,0.0016969999996945262,-1.5907817928089925,4.520424422415589e-09,,OPTIMAL,SOLVED,0.0014195999829098582,-1.5907817938917632,3.839770499820498e-09,
qp,QBANDM,269,472,2458,0,16352.342,OPTIMAL,SOLVED,0.009168800082989037,16352.342058718637,3.590839677456383e-09,,OPTIMAL,SOLVED,0.03575430007185787,16352.342036746619,2.247177467692826e-09,
qp,QBEACONF,148,262,3350,0,164712.06,OPTIMAL,SOLVED,0.005680499947629869,164712.0607585854,4.605524332460339e-09,,OPTIMAL,SOLVED,0.004591900040395558,164712.06014970003,9.088589737026173e-10,
qp,QBORE3D,197,315,1393,0,3100.2008,OPTIMAL,SOLVED,0.004577500047162175,3100.2008022543605,7.271657913809179e-10,,OPTIMAL,WRONG,0.005613100016489625,3102.138796759116,0.0006247292226707928,
qp,QBRANDY,133,249,2099,0,28375.115,OPTIMAL,SOLVED,0.006238500005565584,28375.114857161807,5.033924787035597e-09,,OPTIMAL,SOLVED,0.009026599931530654,28375.11485714031,5.034682124611621e-09,
qp,QCAPRI,266,353,1762,0,66793293.0,OPTIMAL,SOLVED,0.014276299974881113,66793293.26150718,3.915173620077627e-09,,SOLVE_ERROR,FAILED,0.010891100042499602,,,
qp,QE226,175,282,2530,0,212.65343,OPTIMAL,SOLVED,0.00845409999601543,212.65343309680725,1.4562694888730144e-08,,NOT_SET,FAILED,0.0356368999928236,,,
qp,QETAMACR,400,688,2409,0,86760.37,OPTIMAL,SOLVED,0.11925240000709891,86760.36960181086,4.589521819043287e-09,,OPTIMAL,SOLVED,0.06203910009935498,86760.36962615165,4.308977151664377e-09,
qp,QFFFFF80,501,854,6204,0,873147.47,OPTIMAL,SOLVED,0.05689969996456057,873147.4605976769,1.0768312342903906e-08,,OPTIMAL,SOLVED,0.1180638000369072,873149.2770688736,2.069599003424429e-06,
qp,QFORPLAN,134,421,4562,0,7456631500.0,OPTIMAL,SOLVED,0.014312700019218028,7456631483.354922,2.232251358811907e-09,,OPTIMAL,SOLVED,0.018147399998269975,7456631475.80034,3.2453875919085153e-09,
qp,QGFRDXPN,600,1092,2361,0,100790590000.0,OPTIMAL,SOLVED,0.01790540001820773,100790584987.6806,4.9730033602246345e-08,,OPTIMAL,SOLVED,0.10284339997451752,100790584870.4239,5.089340265120252e-08,
qp,QGROW15,300,645,5620,0,-101693640.0,OPTIMAL,SOLVED,0.02152060007210821,-101693640.41531862,4.084016339453869e-09,,TIME_LIMIT,TIMEOUT,300.0013154000044,-60027490.408923924,,
qp,QGROW22,440,946,8252,0,-149628950.0,OPTIMAL,SOLVED,0.038223300012759864,-149628953.40535718,2.2758679275223195e-08,,TIME_LIMIT,TIMEOUT,300.00173800007906,-25840948.57300182,,
qp,QGROW7,140,301,2612,0,-42798714.0,OPTIMAL,SOLVED,0.01182749995496124,-42798713.86020194,3.2664079593500735e-09,,TIME_LIMIT,TIMEOUT,300.0004811999388,-42104183.166309655,,
qp,QISRAEL,163,142,2258,0,25347838.0,OPTIMAL,SOLVED,0.007803300046361983,25347837.83655956,6.447905279990484e-09,,OPTIMAL,SOLVED,0.010654000099748373,25347837.789934658,8.287307925852075e-09,
qp,QPCBLEND,72,83,489,0,-0.0078425409,OPTIMAL,SOLVED,0.025280000059865415,-0.007842542445667554,1.545667583507937e-09,,OPTIMAL,SOLVED,0.0038533000042662024,-0.007842543074488863,2.1744888736852097e-09,
qp,QPCBOEI1,317,384,3454,0,11503914.0,OPTIMAL,SOLVED,0.013729800004512072,11503914.020377083,1.7713183434766464e-09,,OPTIMAL,SOLVED,0.07956850004848093,11503914.009766303,8.4895447490766e-10,
qp,QPCBOEI2,135,143,1191,0,8171962.3,OPTIMAL,SOLVED,0.0064304000698029995,8171962.244900571,6.742496902367066e-09,,OPTIMAL,SOLVED,0.007083199918270111,8171962.244330514,6.812254561428549e-09,
qp,QPCSTAIR,356,467,3856,0,6204387.5,OPTIMAL,SOLVED,0.019668699940666556,6204387.479734807,3.2662685105873982e-09,,TIME_LIMIT,TIMEOUT,300.000664500054,6206046.960218349,,
qp,QPILOTNO,973,2172,13055,0,4728586.9,OPTIMAL,SOLVED,0.5526737999171019,4728586.898718644,2.7097965590078505e-10,,NOT_SET,FAILED,0.19154999998863786,,,
qp,QPTEST,2,2,4,0,4.371875,OPTIMAL,SOLVED,0.0002093999646604061,4.371875000015812,3.6168098140647067e-12,,OPTIMAL,SOLVED,0.0009675000328570604,4.371875,0.0,
qp,QRECIPE,91,180,663,0,-266.616,OPTIMAL,SOLVED,0.002630600007250905,-266.6159991277079,3.271716807583124e-09,,OPTIMAL,SOLVED,0.004806799930520356,-266.61600000000027,0.0,
qp,QSC205,203,203,550,0,-0.0058139518,OPTIMAL,SOLVED,0.0020740999607369304,-0.005813952915943755,1.1159437540708694e-09,,OPTIMAL,SOLVED,0.0036337999626994133,-0.005813953482487941,1.6824879406351911e-09,
qp,QSCAGR25,348,500,1431,0,201737940.0,OPTIMAL,SOLVED,0.004914800054393709,201737938.37200594,8.069846797942985e-09,,OPTIMAL,SOLVED,0.06202850001864135,201737938.37069324,8.076352291510467e-09,
qp,QSCAGR7,96,140,387,0,26865949.0,OPTIMAL,SOLVED,0.0016184999840334058,26865948.607260745,1.4618476627447584e-08,,OPTIMAL,SOLVED,0.003921000054106116,26865948.589022677,1.5297331163806726e-08,
qp,QSCFXM1,289,457,2548,0,16882692.0,OPTIMAL,SOLVED,0.013743799994699657,16882691.642819803,2.1156590901957946e-08,,OPTIMAL,SOLVED,0.0306737000355497,16882691.639317144,2.1364059795106808e-08,
qp,QSCFXM2,578,914,5101,0,27776162.0,OPTIMAL,SOLVED,0.03379260003566742,27776161.58056667,1.510047768130196e-08,,OPTIMAL,SOLVED,0.11458959989249706,27776161.578548953,1.5173120150205906e-08,
qp,QSCFXM3,867,1371,7654,0,30816355.0,OPTIMAL,SOLVED,0.04997120006009936,30816354.52863392,1.5295971895873348e-08,,OPTIMAL,SOLVED,0.24052509991452098,30816354.47796845,1.694008183126656e-08,
qp,QSCORPIO,297,358,1335,0,1880.5096,OPTIMAL,SOLVED,0.003840100020170212,1880.5095530135345,2.4986027425823356e-08,,OPTIMAL,SOLVED,0.005103499977849424,1880.5095529819662,2.5002815146871542e-08,
qp,QSCRS8,483,1169,3175,0,904.56001,OPTIMAL,SOLVED,0.013657499919645488,904.5600164642022,7.1462386606520406e-09,,OPTIMAL,SOLVED,0.09432299993932247,904.5600138504445,4.2567045508835875e-09,
qp,QSCSD1,77,760,2388,0,8.6666667,OPTIMAL,SOLVED,0.005027199978940189,8.666666675472394,2.8301090592873366e-09,,OPTIMAL,SOLVED,0.018999999971129,8.666666674332303,2.961657369487418e-09,
qp,QSCSD6,147,1350,4316,0,50.808214,OPTIMAL,SOLVED,0.018383899936452508,50.80821391158907,1.740091804404045e-09,,OPTIMAL,SOLVED,0.1793262999271974,50.80821358611497,8.146025593350885e-09,
qp,QSCSD8,397,2750,8584,0,940.76357,OPTIMAL,SOLVED,0.020509200054220855,940.7635742238947,4.489860766975148e-09,,OPTIMAL,SOLVED,1.2538605000590906,940.7635730799834,3.2739183411044957e-09,
qp,QSCTAP1,300,480,1692,0,1415.8611,OPTIMAL,SOLVED,0.004715999937616289,1415.8611128252096,9.058240470796641e-09,,OPTIMAL,SOLVED,0.3036409999476746,1415.861111111007,7.847526312910992e-09,
qp,QSCTAP2,1090,1880,6714,0,1735.0265,OPTIMAL,SOLVED,0.034283399931155145,1735.026497945163,1.1843278772575741e-09,,NOT_SET,FAILED,19.317148600006476,,,
qp,QSCTAP3,1480,2480,8874,0,1438.7547,OPTIMAL,SOLVED,0.033615199965424836,1438.7546817194957,1.2705783904980589e-08,,SOLVE_ERROR,FAILED,1.174842600012198,,,
qp,QSEBA,515,1028,4352,0,81481801.0,OPTIMAL,SOLVED,0.019137400086037815,81481800.36595815,7.78139049341879e-09,,OPTIMAL,SOLVED,0.019230099976994097,81481800.35682765,7.893448113735844e-09,
qp,QSHARE1B,112,225,1146,0,720078.32,OPTIMAL,SOLVED,0.004105999949388206,720078.3181830526,2.523263528314101e-09,,OPTIMAL,WRONG,0.011807500035502017,729715.4756055847,0.013206730469278897,
qp,QSHARE2B,93,79,691,0,11703.692,OPTIMAL,SOLVED,0.0019139000214636326,11703.691723275477,2.3644206426810412e-08,,OPTIMAL,SOLVED,0.004331700038164854,11703.691721516421,2.3794506557369626e-08,
qp,QSHELL,536,1775,3556,0,1572636800000.0,OPTIMAL,SOLVED,0.203788899932988,1572636843538.062,2.768494995735536e-08,,OPTIMAL,SOLVED,1.1555446999846026,1572636842999.024,2.7341993673077604e-08,
qp,QSHIP04L,356,2118,6328,0,2420015.5,OPTIMAL,SOLVED,0.014413499971851707,2420015.543115168,1.781607045275703e-08,,OPTIMAL,SOLVED,0.0855984000954777,2420015.534110434,1.409512956008566e-08,
qp,QSHIP04S,268,1458,4260,0,2424993.7,OPTIMAL,SOLVED,0.010809300001710653,2424993.6730152005,1.11277834559182e-08,,OPTIMAL,SOLVED,0.04043569997884333,2424993.6730046105,1.113214820171548e-08,
qp,QSHIP08L,688,4283,12778,0,2376040.6,OPTIMAL,SOLVED,0.250818399945274,2376040.6168147475,7.076943802978497e-09,,OPTIMAL,SOLVED,0.33201460004784167,2376040.616579163,6.977643231658466e-09,
qp,QSHIP08S,416,2387,6818,0,2385728.9,OPTIMAL,SOLVED,0.05248770001344383,2385728.854757715,1.8963693766940078e-08,,OPTIMAL,SOLVED,0.11050229996908456,2385728.8513905657,2.0375086916067433e-08,
qp,QSHIP12L,838,5427,15966,0,3018876.6,OPTIMAL,SOLVED,0.5253437999635935,3018876.578371699,7.164281970166428e-09,,OPTIMAL,SOLVED,0.43218830006662756,3018876.57718034,7.558988075927621e-09,
qp,QSHIP12S,466,2763,7602,0,3056962.3,OPTIMAL,SOLVED,0.09559549996629357,3056962.249660613,1.6467115239484962e-08,,OPTIMAL,SOLVED,0.1492061000317335,3056962.24927829,1.6592191697688944e-08,
qp,QSIERRA,1227,2036,7302,0,23750458.0,OPTIMAL,SOLVED,0.05591700004879385,23750458.267896514,1.1279635120648744e-08,,SOLVE_ERROR,FAILED,0.15851010009646416,,,
qp,QSTAIR,356,467,3856,0,7985452.8,OPTIMAL,SOLVED,0.023168799933046103,7985452.756601238,5.434726024798242e-09,,TIME_LIMIT,TIMEOUT,300.00102010008413,7985452.756242714,,5.479624540363949e-09
qp,QSTANDAT,355,1075,3027,0,6411.8384,OPTIMAL,SOLVED,0.010435700067318976,6411.838390026871,1.5554233664788964e-09,,OPTIMAL,SOLVED,0.04915420000907034,6411.838388888865,1.7329093761163646e-09,
qp,S268,5,5,25,0,5.7310705e-07,OPTIMAL,SOLVED,0.00034929998219013214,1.3133103493601084e-09,5.717955586400435e-07,,OPTIMAL,SOLVED,0.0012035999679937959,3.637978807091713e-12,5.731052310105965e-07,
qp,STADAT1,3999,2001,9997,0,-28526864.0,OPTIMAL,SOLVED,0.05041569995228201,-28526864.044874262,1.5730608510666841e-09,,OPTIMAL,SOLVED,24.919447600026615,-28526863.760378115,8.399867104018766e-09,
qp,STADAT2,3999,2001,9997,0,-32.626665,OPTIMAL,SOLVED,0.057079299935139716,-32.62666487171171,3.9320105645337355e-09,,OPTIMAL,SOLVED,23.880395000102,-32.62666457851876,1.2918305255136146e-08,
qp,STADAT3,7999,4001,19997,0,-35.779453,OPTIMAL,SOLVED,0.1129924999549985,-35.779452951846096,1.345843326500292e-09,,TIME_LIMIT,TIMEOUT,300.02208649995737,0.0,,1.0
qp,STCQP1,1881,4097,13167,0,155143.56,OPTIMAL,SOLVED,0.14749900007154793,155143.55478038176,3.364387317630758e-08,,OPTIMAL,SOLVED,162.56210460001603,155143.55470395752,3.4136402276739426e-08,
qp,STCQP2,1881,4097,13167,0,22327.313,OPTIMAL,SOLVED,0.2862363000167534,22327.313329903045,1.4775762034488926e-08,,OPTIMAL,SOLVED,45.09245410002768,22327.31327241655,1.2201050837918271e-08,
qp,TAME,1,2,2,0,0.0,OPTIMAL,SOLVED,0.0001770000671967864,0.0,0.0,,OPTIMAL,SOLVED,0.0009733999613672495,0.0,3.0814879110195774e-33,
qp,UBH1,12000,18009,48000,0,1.1160008,OPTIMAL,SOLVED,0.13068629999179393,1.1160049841503357,3.7492219119527736e-06,,TIME_LIMIT,TIMEOUT,300.1802269000327,1039.9199660160912,,0.9989268397218343
qp,VALUES,1,202,202,0,-1.3966211,OPTIMAL,SOLVED,0.005453099962323904,-1.3966211356244917,2.5507606277947088e-08,,OPTIMAL,SOLVED,0.004067500005476177,-1.3966211447139578,3.201580999453547e-08,
qp,ZECEVIC2,2,2,4,0,-4.125,OPTIMAL,SOLVED,0.00021470000501722097,-4.124999999998873,2.732359792968385e-13,,OPTIMAL,SOLVED,0.001053699990734458,-4.124999999999997,6.459479416000911e-16,
qp,YAO,2000,2002,6000,0,197.70426,FEASIBLE,FAILED,2.184858400025405,273.12816004,,0.27614838407344766,OPTIMAL,SOLVED,0.11509080010000616,197.7042559403107,2.0534150158869826e-08,
